size, time,
1, 0.0003740951999999999754049906375286127513390965759754180908203125, 
2, 0.00002663780000000000100089832255623178980386001057922840118408203125, 
4, 0.00002500499999999999860907269610965641959410277195274829864501953125, 
8, 0.00003018329999999999949632234486074366941465996205806732177734375, 
16, 0.000030276500000000000569107261316759149849531240761280059814453125, 
32, 0.00003004330000000000083673450113064262723128194920718669891357421875, 
2, 0.0000277107999999999990285194650940781002645962871611118316650390625, 
4, 0.000028270600000000000004592159985605803740327246487140655517578125, 
8, 0.00002561140000000000012153784922919186328726937063038349151611328125, 
16, 0.00004632460000000000028240465521633950629620812833309173583984375, 
32, 0.0000249583000000000012415408978672104467477765865623950958251953125, 
64, 0.00002775739999999999956491192332208584048203192651271820068359375, 
4, 0.0000273842000000000011729513194058682756804046221077442169189453125, 
8, 0.00002411869999999999999670298456155848043636069633066654205322265625, 
16, 0.00002514490000000000043752119982531922914859023876488208770751953125, 
32, 0.0000248183999999999994130923941515476371932891197502613067626953125, 
64, 0.00002659110000000000024523473529658446068424382247030735015869140625, 
128, 0.0000332155000000000007209267904872973531382740475237369537353515625, 
8, 0.0000229056999999999999213622092764097715189564041793346405029296875, 
16, 0.00002257909999999999867766227457099859066147473640739917755126953125, 
32, 0.000022952300000000000457754667504417511736392043530941009521484375, 
64, 0.0000306031999999999986439465360366085633359034545719623565673828125, 
128, 0.0000327957000000000017925737283430720481192111037671566009521484375, 
256, 0.000039140300000000001999500565119660677737556397914886474609375, 
16, 0.00002467840000000000075350455042144659500991110689938068389892578125, 
32, 0.000026730999999999998685551449995045913965441286563873291015625, 
64, 0.00002589140000000000082884532570659530392731539905071258544921875, 
128, 0.0000318627000000000024245404295353267798418528400361537933349609375, 
256, 0.000039187000000000002755164152379308006857172586023807525634765625, 
512, 0.00006759750000000000458820481608057662015198729932308197021484375, 
32, 0.0000262645999999999992208059296228128687289427034556865692138671875, 
64, 0.0000268242999999999999776074954827009833024931140244007110595703125, 
128, 0.000030836400000000001764451085239926442227442748844623565673828125, 
256, 0.000037227600000000002507770380244522812063223682343959808349609375, 
512, 0.0000563544999999999972058010999642618799043702892959117889404296875, 
1024, 0.0000546751000000000010538465933240814820237574167549610137939453125, 
64, 0.00002463180000000000021711209219343885479247546754777431488037109375, 
128, 0.00002663780000000000100089832255623178980386001057922840118408203125, 
256, 0.0000302766000000000007883783903483987387517117895185947418212890625, 
512, 0.00003876709999999999683127638316904040038934908807277679443359375, 
1024, 0.0000542086000000000013698299439202088478850782848894596099853515625, 
2048, 0.00008406529999999999623432056505833998016896657645702362060546875, 
128, 0.000027804100000000000320575510581733169601648114621639251708984375, 
256, 0.0000306497999999999991803389942646163035533390939235687255859375, 
512, 0.00003890699999999999865972488688470320994383655488491058349609375, 
1024, 0.000056027999999999999569504083307691644222359172999858856201171875, 
2048, 0.00008747080000000000284642032166715353014296852052211761474609375, 
4096, 0.00014298560000000000197624416831132521110703237354755401611328125, 
256, 0.0000333555000000000027686464232345997515949420630931854248046875, 
512, 0.0000401199000000000019039263221554136862323503009974956512451171875, 
1024, 0.0000556548000000000011775434793914740794207318685948848724365234375, 
2048, 0.0000237919999999999985337319208245077106766984798014163970947265625, 
4096, 0.0000248183999999999994130923941515476371932891197502613067626953125, 
8192, 0.00002607789999999999980555449863306449742594850249588489532470703125, 
512, 0.00002514500000000000065679232885695881805077078752219676971435546875, 
1024, 0.0000257980999999999995367892802189402345902635715901851654052734375, 
2048, 0.00002416520000000000031382431375792663175161578692495822906494140625, 
4096, 0.00002561140000000000012153784922919186328726937063038349151611328125, 
8192, 0.00002859710000000000102902096565937739569562836550176143646240234375, 
16384, 0.00002887709999999999834819665311957948006238439120352268218994140625, 
1024, 0.000024771799999999998876699935923539896975853480398654937744140625, 
2048, 0.0000257513999999999987811256929592929054706473834812641143798828125, 
4096, 0.0000297634000000000003486981536848787754934164695441722869873046875, 
8192, 0.00002668440000000000153729078078423953002129564993083477020263671875, 
16384, 0.00002911030000000000146870120232289735895392368547618389129638671875, 
32768, 0.0000327025000000000007197888118870565676843398250639438629150390625, 
2048, 0.0000239320000000000005814515535718101091333664953708648681640625, 
4096, 0.00002458509999999999946144850493379152567285927943885326385498046875, 
8192, 0.00002416520000000000031382431375792663175161578692495822906494140625, 
16384, 0.00002617120000000000109761054412071956676300032995641231536865234375, 
32768, 0.00002994999999999999954467845564298755789423012174665927886962890625, 
65536, 0.0000359679999999999985079053577141650066550937481224536895751953125, 
4096, 0.00002598459999999999851349845314540942808889667503535747528076171875, 
8192, 0.0000249583000000000012415408978672104467477765865623950958251953125, 
16384, 0.0000272442999999999993445028156902054661259171552956104278564453125, 
32768, 0.00002990329999999999878901486838334022877461393363773822784423828125, 
65536, 0.0000350816999999999998955356461660670674973516725003719329833984375, 
131072, 0.0000502433000000000005579210704542703069819253869354724884033203125, 
8192, 0.0000259380000000000013652377839346030441447510384023189544677734375, 
16384, 0.000028270600000000000004592159985605803740327246487140655517578125, 
32768, 0.0000302299000000000000327148030887514096320956014096736907958984375, 
65536, 0.0000356414000000000006523372120259551820709020830690860748291015625, 
131072, 0.0000501498999999999990465938959349756487426930107176303863525390625, 
262144, 0.000099366900000000005720689200128248330656788311898708343505859375, 
2, 0.0000283172000000000005409846182136135439577628858387470245361328125, 
4, 0.00003004330000000000083673450113064262723128194920718669891357421875, 
8, 0.00002943689999999999932426934801110718353811535052955150604248046875, 
16, 0.0000302299000000000000327148030887514096320956014096736907958984375, 
32, 0.00002799069999999999951655581253984195200246176682412624359130859375, 
64, 0.00002752409999999999961326803410432972896160208620131015777587890625, 
4, 0.00003036989999999999869230264681885245181547361426055431365966796875, 
8, 0.00002813060000000000134500431625550476155694923363626003265380859375, 
16, 0.00002855050000000000049262850743136965547819272615015506744384765625, 
32, 0.00002813070000000000156427544528714435045912978239357471466064453125, 
64, 0.00002892369999999999888458911134758722027982003055512905120849609375, 
128, 0.00002803730000000000005294827076784969221989740617573261260986328125, 
8, 0.0000282239999999999994681997017575980635228916071355342864990234375, 
16, 0.0000296699999999999988373709791655841172541840933263301849365234375, 
32, 0.00002887709999999999834819665311957948006238439120352268218994140625, 
64, 0.00002985670000000000164075419917253384483046829700469970703125, 
128, 0.000029670099999999999056642108197223706156364642083644866943359375, 
256, 0.0000288304000000000009806648548771335072160582058131694793701171875, 
16, 0.000029203599999999999372625458793351072017685510218143463134765625, 
32, 0.00002808390000000000058934072899585743243733304552733898162841796875, 
64, 0.00003032320000000000132477084857640647896914742887020111083984375, 
128, 0.00002887709999999999834819665311957948006238439120352268218994140625, 
256, 0.0000278507000000000008569679688097409098190837539732456207275390625, 
512, 0.00002957680000000000115271785172676999309260281734168529510498046875, 
32, 0.000027710699999999998809248336062438511362415738403797149658203125, 
64, 0.0000435255000000000019590336297614641125619527883827686309814453125, 
128, 0.00002911030000000000146870120232289735895392368547618389129638671875, 
256, 0.0000283639000000000012966482054732608730773790739476680755615234375, 
512, 0.00003470850000000000150357504224984950269572436809539794921875, 
1024, 0.00002911030000000000146870120232289735895392368547618389129638671875, 
64, 0.0000298101000000000011043617409445261046130326576530933380126953125, 
128, 0.000031442899999999996719923789356698762276209890842437744140625, 
256, 0.0000370876000000000004600507474972204136065556667745113372802734375, 
512, 0.000030136599999999998740658757601096340295043773949146270751953125, 
1024, 0.0000281772999999999987125361144979507344032754190266132354736328125, 
2048, 0.00003008990000000000137312695935865036744871758855879306793212890625, 
128, 0.0000282238999999999992489285727259584746207110583782196044921875, 
256, 0.00002855050000000000049262850743136965547819272615015506744384765625, 
512, 0.000029343500000000001201073962509013881572172977030277252197265625, 
1024, 0.00002990329999999999878901486838334022877461393363773822784423828125, 
2048, 0.000030603099999999998424675407004968974433722905814647674560546875, 
4096, 0.0000296234999999999985202496499692159659389290027320384979248046875, 
256, 0.0000309296000000000028372360016959419226623140275478363037109375, 
512, 0.0000296234999999999985202496499692159659389290027320384979248046875, 
1024, 0.0000338221000000000026719342016701119746358017437160015106201171875, 
2048, 0.000029343500000000001201073962509013881572172977030277252197265625, 
4096, 0.00002999660000000000008107091387099529811166576109826564788818359375, 
8192, 0.0000306031999999999986439465360366085633359034545719623565673828125, 
512, 0.0000346152000000000002115189967621944333586725406348705291748046875, 
1024, 0.00002855040000000000027335737839973006657601217739284038543701171875, 
2048, 0.00002939019999999999856860576075145985441849916242063045501708984375, 
4096, 0.00003018329999999999949632234486074366941465996205806732177734375, 
8192, 0.0000316760999999999998404283385600166411677491851150989532470703125, 
16384, 0.00004100630000000000073556716273515121429227292537689208984375, 
1024, 0.0000343818999999999968717433185272369655649526976048946380615234375, 
2048, 0.00002953010000000000039705426446712266397298662923276424407958984375, 
4096, 0.0000309762999999999968166360109211865392353502102196216583251953125, 
8192, 0.000032235900000000000816501033451544344643480144441127777099609375, 
16384, 0.00003260919999999999942773276639940149834728799760341644287109375, 
32768, 0.00003704099999999999992365828926921267338912002742290496826171875, 
2048, 0.000031629499999999999304035880332008900950313545763492584228515625, 
4096, 0.000029810000000000000885090611912886515710852108895778656005859375, 
8192, 0.000030603099999999998424675407004968974433722905814647674560546875, 
16384, 0.000031769400000000001132484384047671710504801012575626373291015625, 
32768, 0.000031582799999999998548372293072361571830697357654571533203125, 
65536, 0.0000363877999999999974362584198583903116741566918790340423583984375, 
4096, 0.0000302766000000000007883783903483987387517117895185947418212890625, 
8192, 0.00002892369999999999888458911134758722027982003055512905120849609375, 
16384, 0.000041192900000000003319679253710461352966376580297946929931640625, 
32768, 0.000038627100000000001559820328456140714479261077940464019775390625, 
65536, 0.0000416128000000000024673034448863262468876200728118419647216796875, 
131072, 0.0000410529000000000012719596209631589545097085647284984588623046875, 
8192, 0.000037460799999999998852011351413437978408182971179485321044921875, 
16384, 0.000033308800000000002012982835974952422475325874984264373779296875, 
32768, 0.0000333556000000000029879175522662393404971226118505001068115234375, 
65536, 0.0000353615999999999969954402045946295629619271494448184967041015625, 
131072, 0.000045951300000000001671172922268482352592400275170803070068359375, 
262144, 0.00005504829999999999944580719724029904682538472115993499755859375, 
16384, 0.0000349882999999999983842084716467724092581192962825298309326171875, 
32768, 0.0000376008000000000008997309841607403768648509867489337921142578125, 
65536, 0.000041192900000000003319679253710461352966376580297946929931640625, 
131072, 0.000043058900000000002055745851325951889521093107759952545166015625, 
262144, 0.0000728222999999999956281804269764279524679295718669891357421875, 
524288, 0.00010440520000000000117208742711483182574738748371601104736328125, 
4, 0.000043058900000000002055745851325951889521093107759952545166015625, 
8, 0.0000395602000000000011471247562955255716587998904287815093994140625, 
16, 0.000041192900000000003319679253710461352966376580297946929931640625, 
32, 0.0000418459999999999988115444160552414132325793616473674774169921875, 
64, 0.00003890699999999999865972488688470320994383655488491058349609375, 
128, 0.00004319889999999999732720190603885157543118111789226531982421875, 
8, 0.000042592400000000002371729201922079255382413975894451141357421875, 
16, 0.000041192900000000003319679253710461352966376580297946929931640625, 
32, 0.00004133289999999999859113530842336103887646459043025970458984375, 
64, 0.00004483169999999999971902753248542694564093835651874542236328125, 
128, 0.0000398400999999999982470293147240880671233753673732280731201171875, 
256, 0.000037927299999999998536028000817310612546862103044986724853515625, 
16, 0.000039886699999999998783421772952095807340811006724834442138671875, 
32, 0.0000391869000000000025358930233476684179549920372664928436279296875, 
64, 0.000038300599999999997147259733765167766250669956207275390625, 
128, 0.0000387204000000000028518763739437957838163129054009914398193359375, 
256, 0.000041426099999999999663920224879376519311335869133472442626953125, 
512, 0.0000433388999999999993749215387861539738878491334617137908935546875, 
32, 0.000039093600000000001243836977860013348617940209805965423583984375, 
64, 0.0000408197999999999983707262007914806645203498192131519317626953125, 
128, 0.0000431989999999999975464730350704911643333616666495800018310546875, 
256, 0.0000469310000000000017948698083358749499893747270107269287109375, 
512, 0.0000406798000000000030992701460785809786102618090808391571044921875, 
1024, 0.000042779099999999998398848843894626270412118174135684967041015625, 
64, 0.0000396534000000000022199096727515410520936711691319942474365234375, 
128, 0.0000400733000000000013675338639274059460149146616458892822265625, 
256, 0.00004067970000000000287999901704694138970808126032352447509765625, 
512, 0.0000403997999999999990038308805839761816969257779419422149658203125, 
1024, 0.0000407263999999999968593990262721860062811174429953098297119140625, 
2048, 0.000040213299999999996638989918640305631925002671778202056884765625, 
128, 0.0000391402000000000017802294360880210888353758491575717926025390625, 
256, 0.0000401666000000000026595899094150610153519664891064167022705078125, 
512, 0.0000399333999999999995390853602117431364604271948337554931640625, 
1024, 0.0000434788000000000012033700425018167834423366002738475799560546875, 
2048, 0.0000385805000000000010234278702281329742618254385888576507568359375, 
4096, 0.00004539160000000000091437135640859423801884986460208892822265625, 
256, 0.0000396534000000000022199096727515410520936711691319942474365234375, 
512, 0.00004133289999999999859113530842336103887646459043025970458984375, 
1024, 0.0000402598999999999971753823768683133721424383111298084259033203125, 
2048, 0.000040586500000000001807214100590925909273209981620311737060546875, 
4096, 0.0000409129999999999994435111172474961449552210979163646697998046875, 
8192, 0.00003960680000000000168351721452353331187623552978038787841796875, 
512, 0.000043385499999999999911313997014161714105284772813320159912109375, 
1024, 0.0000394667999999999996357975817762309134195675142109394073486328125, 
2048, 0.0000402598999999999971753823768683133721424383111298084259033203125, 
4096, 0.000040353199999999998467438422355968441479490138590335845947265625, 
8192, 0.0000435255000000000019590336297614641125619527883827686309814453125, 
16384, 0.0000436653999999999970112185554427242095698602497577667236328125, 
1024, 0.000037927299999999998536028000817310612546862103044986724853515625, 
2048, 0.0000412395999999999972990792629357059695394127629697322845458984375, 
4096, 0.0000401199000000000019039263221554136862323503009974956512451171875, 
8192, 0.000040213299999999996638989918640305631925002671778202056884765625, 
16384, 0.000039560100000000000927853627263885982756619341671466827392578125, 
32768, 0.000040493100000000000295886926071631251033977605402469635009765625, 
2048, 0.00004576469999999999908706083129317221391829662024974822998046875, 
4096, 0.0000415194000000000009559762703670315886483876965939998626708984375, 
8192, 0.0000419393000000000001036004615428964825696311891078948974609375, 
16384, 0.00004053980000000000105155051333127858015359379351139068603515625, 
32768, 0.000039886699999999998783421772952095807340811006724834442138671875, 
65536, 0.0000445519000000000028383941030885040390785434283316135406494140625, 
4096, 0.0000391869000000000025358930233476684179549920372664928436279296875, 
8192, 0.0000399333999999999995390853602117431364604271948337554931640625, 
16384, 0.000040493100000000000295886926071631251033977605402469635009765625, 
32768, 0.000046277899999999999526741067956692177176591940224170684814453125, 
65536, 0.0000432921999999999986192579515265066447682329453527927398681640625, 
131072, 0.0000474441000000000020152789159677553243454894982278347015380859375, 
8192, 0.000041846099999999999030815545086881002134759910404682159423828125, 
16384, 0.0000407263999999999968593990262721860062811174429953098297119140625, 
32768, 0.000048377200000000001602583343807140181525028310716152191162109375, 
65536, 0.0000480505999999999969707516200845276443942566402256488800048828125, 
131072, 0.00004795740000000000267423028166291487650596536695957183837890625, 
262144, 0.0000601333000000000024291325895209325835821800865232944488525390625, 
16384, 0.0000430123000000000015193533930979441493036574684083461761474609375, 
32768, 0.0000539752999999999980300542656852513800913584418594837188720703125, 
65536, 0.00005761410000000000120566612249461968531250022351741790771484375, 
131072, 0.000063865400000000000120536913783553245593793690204620361328125, 
262144, 0.000079866700000000005635163169426249396565253846347332000732421875, 
524288, 0.000095728099999999995768813765284477312889066524803638458251953125, 
32768, 0.00006017990000000000296552504774894032379961572587490081787109375, 
65536, 0.000056727800000000002593296410946521746154758147895336151123046875, 
131072, 0.00007025660000000000086385620878814961542957462370395660400390625, 
262144, 0.0000668043000000000000530853139224518599803559482097625732421875, 
524288, 0.000100019999999999994436290784438625678376411087810993194580078125, 
1048576, 0.00015161609999999998651433463781046384610817767679691314697265625, 
8, 0.000081872699999999999642685821754639619030058383941650390625, 
16, 0.00008420519999999999806276906877400278972345404326915740966796875, 
32, 0.000078327199999999997759130010432926383145968429744243621826171875, 
64, 0.000075668100000000001483478617725353387868381105363368988037109375, 
128, 0.00008149949999999999447446163980401934168185107409954071044921875, 
256, 0.000081919299999999993402814701948244646700914017856121063232421875, 
16, 0.00008733090000000000101797181795149072058848105370998382568359375, 
32, 0.00008373880000000000537428712643617245703353546559810638427734375, 
64, 0.00006932360000000000149582290998040434715221635997295379638671875, 
128, 0.00006727090000000000673263667039236679556779563426971435546875, 
256, 0.000072449100000000004012483401094613100212882272899150848388671875, 
512, 0.0000682039000000000061006699692001120638451538980007171630859375, 
32, 0.000067457499999999995764221605298871509148739278316497802734375, 
64, 0.000066617800000000004464507930013184022755012847483158111572265625, 
128, 0.000061439500000000000189126492244895416661165654659271240234375, 
256, 0.000068997000000000003640254764292194522568024694919586181640625, 
512, 0.000063025600000000001825288531431823457751306705176830291748046875, 
1024, 0.00006675779999999999973596398472608370866510085761547088623046875, 
64, 0.000066851000000000000808748901182099189099972136318683624267578125, 
128, 0.000066477799999999995640524719231478911751764826476573944091796875, 
256, 0.000063212299999999997852408173404370472781010903418064117431640625, 
512, 0.000068437199999999995887918491366264106545713730156421661376953125, 
1024, 0.00006456509999999999614879453435634104607743211090564727783203125, 
2048, 0.0000599466999999999998450204985456224449080764316022396087646484375, 
128, 0.000079820099999999998322507133163838943801238201558589935302734375, 
256, 0.000061579499999999995460582546957795102571253664791584014892578125, 
512, 0.000065451500000000001756698952970481286683934740722179412841796875, 
1024, 0.000066757700000000006292956433728846832309500314295291900634765625, 
2048, 0.00006041309999999999930976601891785549014457501471042633056640625, 
4096, 0.00006862379999999999847203058234157424521981738507747650146484375, 
256, 0.000064285199999999999048889975927778550612856633961200714111328125, 
512, 0.000069043599999999997400383644485799550238880328834056854248046875, 
1024, 0.000062652500000000003652599056547245481851859949529170989990234375, 
2048, 0.000064191900000000004533097508474526193822384811937808990478515625, 
4096, 0.000062045999999999995144599196361667736709932796657085418701171875, 
8192, 0.00007706769999999999397853611693420816664001904428005218505859375, 
512, 0.000068483800000000003200574527628674559309729374945163726806640625, 
1024, 0.000078607099999999994859034568861488878610543906688690185546875, 
2048, 0.000072868999999999996383844014236075281587545759975910186767578125, 
4096, 0.000062652500000000003652599056547245481851859949529170989990234375, 
8192, 0.000061952700000000000628806728908415379919460974633693695068359375, 
16384, 0.00006666450000000000522017151727283135187462903559207916259765625, 
1024, 0.00006876370000000000030047908605723705477430485188961029052734375, 
2048, 0.000067457499999999995764221605298871509148739278316497802734375, 
4096, 0.00006955679999999999784006388114931951349717564880847930908203125, 
8192, 0.00007146940000000000388878651502722050281590782105922698974609375, 
16384, 0.000076694500000000002362839091052393314384971745312213897705078125, 
32768, 0.00006363209999999999678076123554859577780007384717464447021484375, 
2048, 0.0000598532999999999983336933240263277866688440553843975067138671875, 
4096, 0.00006190599999999999987314314164876805079984478652477264404296875, 
8192, 0.00006829720000000000061646243665336442063562572002410888671875, 
16384, 0.000066431200000000001880395839037873884080909192562103271484375, 
32768, 0.000061019700000000001260773430100670111642102710902690887451171875, 
65536, 0.0000749217000000000046995574098929182582651264965534210205078125, 
4096, 0.0000672242999999999994199806341299563428037799894809722900390625, 
8192, 0.0000606930999999999966289417063780575745113310404121875762939453125, 
16384, 0.000061906099999999993316150692646004927155445329844951629638671875, 
32768, 0.00007328879999999999531219707638030058660660870373249053955078125, 
65536, 0.000062185899999999996973047700077330546264420263469219207763671875, 
131072, 0.000071376200000000002816001598571205022381036542356014251708984375, 
8192, 0.000064378499999999993564682443381030907403328455984592437744140625, 
16384, 0.000070396599999999996135312263501049301339662633836269378662109375, 
32768, 0.000063818699999999999364873326523905916474177502095699310302734375, 
65536, 0.000063212299999999997852408173404370472781010903418064117431640625, 
131072, 0.000069743400000000000424175972124629652171279303729534149169921875, 
262144, 0.000074361899999999996947221136966987842242815531790256500244140625, 
16384, 0.0000683904999999999951322549041066167774260975420475006103515625, 
32768, 0.000067177599999999998664317046870309013684163801372051239013671875, 
65536, 0.0000665244999999999963961883064911262408713810145854949951171875, 
131072, 0.00006792399999999999544823825470274414328741841018199920654296875, 
262144, 0.00007944679999999999971127540021598179009743034839630126953125, 
524288, 0.0000853715000000000007705780458167055257945321500301361083984375, 
32768, 0.000072869100000000003379378721302117583036306314170360565185546875, 
65536, 0.000074035299999999999091652991278778017658623866736888885498046875, 
131072, 0.00007921349999999999637149972198102432230371050536632537841796875, 
262144, 0.000084951599999999994846690276606437919326708652079105377197265625, 
524288, 0.00010113959999999999638843617422168108532787300646305084228515625, 
1048576, 0.00012068640000000000378661824118609047218342311680316925048828125, 
65536, 0.00008532489999999999345792200955429507303051650524139404296875, 
131072, 0.00008975680000000000094938223949014854952110908925533294677734375, 
262144, 0.000091949300000000004098009431796612034304416738450527191162109375, 
524288, 0.00011219590000000000096745667033104609799920581281185150146484375, 
1048576, 0.0001306697000000000001736222277060051055741496384143829345703125, 
2097152, 0.0002589135999999999803063144288017838334781117737293243408203125, 
16, 0.000061252899999999997605014401269585277987061999738216400146484375, 
32, 0.000061299500000000004917670437531995730751077644526958465576171875, 
64, 0.0000709562999999999968921138293609374159132130444049835205078125, 
128, 0.00006227920000000000504136732359938832814805209636688232421875, 
256, 0.000060459800000000000065429606177502819264191202819347381591796875, 
512, 0.000063725400000000004849080859070653559683705680072307586669921875, 
32, 0.0000623724999999999995571597910526406849385239183902740478515625, 
64, 0.0000607397999999999973846052936377049036309472285211086273193359375, 
128, 0.0000607397999999999973846052936377049036309472285211086273193359375, 
256, 0.000066944299999999995324541368635351545890443958342075347900390625, 
512, 0.000061066200000000001577894759297038262957357801496982574462890625, 
1024, 0.0000759479999999999985833831761539158833329565823078155517578125, 
64, 0.000062978999999999994512632495169413004987291060388088226318359375, 
128, 0.0000598066999999999977973008657983200464514084160327911376953125, 
256, 0.000062092600000000002457255232624078189473948441445827484130859375, 
512, 0.000061299599999999998360677988529232607106678187847137451171875, 
1024, 0.00006339890000000000043652026437968061145511455833911895751953125, 
2048, 0.0000606465000000000028688128261844525468404754064977169036865234375, 
128, 0.00006535819999999999368837932944842350480030290782451629638671875, 
256, 0.000068250499999999999860798849393717091516009531915187835693359375, 
512, 0.0000655914999999999970281550076833809725940227508544921875, 
1024, 0.00007431519999999999619155754970734051312319934368133544921875, 
2048, 0.000061486200000000000944790079504542745780781842768192291259765625, 
4096, 0.000060459800000000000065429606177502819264191202819347381591796875, 
256, 0.0000673642000000000012484291378456191523582674562931060791015625, 
512, 0.000090409900000000003217510979869331322333891876041889190673828125, 
1024, 0.000074828399999999996631237786370860476381494663655757904052734375, 
2048, 0.000065078299999999996588474771019861009335727430880069732666015625, 
4096, 0.000077440899999999999146760298884828443988226354122161865234375, 
8192, 0.000081686099999999997058573730779329480355954729020595550537109375, 
512, 0.000075154999999999994486805932059070300965686328709125518798828125, 
1024, 0.00008812399999999999855755661304357317931135185062885284423828125, 
2048, 0.000066011400000000002952042776893648579061846248805522918701171875, 
4096, 0.000078887099999999998954473834356093675523879937827587127685546875, 
8192, 0.000080333200000000005319179818830122030703932978212833404541015625, 
16384, 0.000073568799999999999407636341874905383519944734871387481689453125, 
1024, 0.000110609799999999999331294631144118056909064762294292449951171875, 
2048, 0.00006349219999999999495231273183293296824558638036251068115234375, 
4096, 0.00006540480000000000100103536571083395756431855261325836181640625, 
8192, 0.000061392799999999999433462904985248087541549466550350189208984375, 
16384, 0.000071376200000000002816001598571205022381036542356014251708984375, 
32768, 0.000059993300000000000381412956773630185125512070953845977783203125, 
2048, 0.000060553200000000001576756780696797477503423579037189483642578125, 
4096, 0.0000604599000000000002847007352091424081663717515766620635986328125, 
8192, 0.000066477900000000002636059426297521213200525380671024322509765625, 
16384, 0.00006120619999999999684935081400993794886744581162929534912109375, 
32768, 0.0000666643999999999982246368102067890504258684813976287841796875, 
65536, 0.00006689770000000000156441248844174651821958832442760467529296875, 
4096, 0.000059993300000000000381412956773630185125512070953845977783203125, 
8192, 0.0000632122000000000044094006224071335964254103600978851318359375, 
16384, 0.000061579499999999995460582546957795102571253664791584014892578125, 
32768, 0.000061952700000000000628806728908415379919460974633693695068359375, 
65536, 0.0000654982000000000025123625402301286158035509288311004638671875, 
131072, 0.000070116600000000005592400154075249929519486613571643829345703125, 
8192, 0.0000607396999999999971653341646060653147287666797637939453125, 
16384, 0.000070769699999999994308001738385627277239109389483928680419921875, 
32768, 0.000061392799999999999433462904985248087541549466550350189208984375, 
65536, 0.000067177599999999998664317046870309013684163801372051239013671875, 
131072, 0.00007118960000000000023188950759589488370693288743495941162109375, 
262144, 0.000076787799999999996878631558505645671175443567335605621337890625, 
16384, 0.000066151300000000004780491280609311388616333715617656707763671875, 
32768, 0.000065544799999999996272491420423733643474406562745571136474609375, 
65536, 0.000065778099999999999612267098658691111268126405775547027587890625, 
131072, 0.00006727090000000000673263667039236679556779563426971435546875, 
262144, 0.00007804730000000000065922545200436388768139295279979705810546875, 
524288, 0.00008406529999999999623432056505833998016896657645702362060546875, 
32768, 0.00007431519999999999619155754970734051312319934368133544921875, 
65536, 0.000072589099999999999283939455807512786122970283031463623046875, 
131072, 0.000074408500000000004259877173229398295006831176578998565673828125, 
262144, 0.000083832000000000006447072042892187937468406744301319122314453125, 
524288, 0.000090549800000000005045959483584994131888379342854022979736328125, 
1048576, 0.000109909999999999996307502303505287954976665787398815155029296875, 
65536, 0.00008849709999999999673024608792815115521079860627651214599609375, 
131072, 0.000086444499999999995410067399337350479981978423893451690673828125, 
262144, 0.000111122900000000006327967316810401143811759538948535919189453125, 
524288, 0.000115881300000000004679460985368422143437783233821392059326171875, 
1048576, 0.00013486840000000001132084148647294341571978293359279632568359375, 
2097152, 0.000191222899999999988197851852333997157984413206577301025390625, 
131072, 0.000117094299999999994590406393601966783535317517817020416259765625, 
262144, 0.000133328799999999996449273620413578100851736962795257568359375, 
524288, 0.0001436386999999999906918457526217025588266551494598388671875, 
1048576, 0.00015082299999999998897474984271838138738530687987804412841796875, 
2097152, 0.00020162610000000000406127076413298482293612323701381683349609375, 
4194304, 0.00040987659999999997810504748230187033186666667461395263671875, 
32, 0.00006227920000000000504136732359938832814805209636688232421875, 
64, 0.0000613462000000000056733340247916430598706938326358795166015625, 
128, 0.000060319899999999998236981102461840009709703736007213592529296875, 
256, 0.0000613462000000000056733340247916430598706938326358795166015625, 
512, 0.00006815729999999999878801393293770161108113825321197509765625, 
1024, 0.000060459800000000000065429606177502819264191202819347381591796875, 
64, 0.0000602265999999999969449250569741849403726519085466861724853515625, 
128, 0.000065031599999999995832811183760213680216111242771148681640625, 
256, 0.000065311599999999999928250449254818477129447273910045623779296875, 
512, 0.00006596470000000000219637918963400124994223006069660186767578125, 
1024, 0.000071702699999999993676035037193372545516467653214931488037109375, 
2048, 0.0000608796999999999992130537973533677131854346953332424163818359375, 
128, 0.000064611799999999996904458121615988375197048299014568328857421875, 
256, 0.000059200200000000002841828161681547726402641274034976959228515625, 
512, 0.000059993300000000000381412956773630185125512070953845977783203125, 
1024, 0.0000593867999999999986496766746224551525301649235188961029052734375, 
2048, 0.000066151300000000004780491280609311388616333715617656707763671875, 
4096, 0.0000603664999999999987733735606898477499271393753588199615478515625, 
256, 0.000060133200000000002209861460489292994679999537765979766845703125, 
512, 0.00006181270000000000535735067419551569400937296450138092041015625, 
1024, 0.0000609729000000000002858387138093831936203059740364551544189453125, 
2048, 0.0000591536000000000023054357034535399861852056346833705902099609375, 
4096, 0.000063585399999999996025097648288948448680457659065723419189453125, 
8192, 0.0000657780000000000061692595476614542349125258624553680419921875, 
512, 0.000066291200000000006608939784324974198170821182429790496826171875, 
1024, 0.00006260580000000000289693546928759815273224376142024993896484375, 
2048, 0.000068157200000000005345006381940464734725537709891796112060546875, 
4096, 0.0000598999999999999990893569112859751157884602434933185577392578125, 
8192, 0.000061859400000000006113014261455163023128989152610301971435546875, 
16384, 0.000061952700000000000628806728908415379919460974633693695068359375, 
1024, 0.000060459800000000000065429606177502819264191202819347381591796875, 
2048, 0.000063678799999999997536424822808243106919690035283565521240234375, 
4096, 0.000061439500000000000189126492244895416661165654659271240234375, 
8192, 0.0000656381000000000043408110439457914253580383956432342529296875, 
16384, 0.0000597134000000000032815083983450676896609365940093994140625, 
32768, 0.000061439500000000000189126492244895416661165654659271240234375, 
2048, 0.0000591536000000000023054357034535399861852056346833705902099609375, 
4096, 0.000066804399999999993496092864919688736335956491529941558837890625, 
8192, 0.000060786399999999997920997751865712643848382867872714996337890625, 
16384, 0.000061579499999999995460582546957795102571253664791584014892578125, 
32768, 0.000061252899999999997605014401269585277987061999738216400146484375, 
65536, 0.000062092600000000002457255232624078189473948441445827484130859375, 
4096, 0.000059993300000000000381412956773630185125512070953845977783203125, 
8192, 0.0000685303999999999969607034078222795869805850088596343994140625, 
16384, 0.0000683904999999999951322549041066167774260975420475006103515625, 
32768, 0.000071562800000000005400113689546515161055140197277069091796875, 
65536, 0.000062185899999999996973047700077330546264420263469219207763671875, 
131072, 0.000068810400000000001056142673316884383893921039998531341552734375, 
8192, 0.0000633987999999999934409855573136383100063540041446685791015625, 
16384, 0.000062045999999999995144599196361667736709932796657085418701171875, 
32768, 0.000062745799999999998168391524000497838642331771552562713623046875, 
65536, 0.0000625124000000000013856082947683034944930113852024078369140625, 
131072, 0.000074968299999999998459686290086523285935982130467891693115234375, 
262144, 0.000073801999999999995751877313043820549864904023706912994384765625, 
16384, 0.000066011299999999995956508069827606277613085694611072540283203125, 
32768, 0.0000647983999999999994885702125912985138711519539356231689453125, 
65536, 0.00007454849999999999953133322794229798091691918671131134033203125, 
131072, 0.00006727090000000000673263667039236679556779563426971435546875, 
262144, 0.00007734749999999999763543312436553378574899397790431976318359375, 
524288, 0.0000810796000000000021031010266625571603071875870227813720703125, 
32768, 0.000073335600000000003063395370705990217174985446035861968994140625, 
65536, 0.0000726357000000000065965954920699232388869859278202056884765625, 
131072, 0.00007464179999999999404712569539555033770739100873470306396484375, 
262144, 0.000076834400000000004191287594768056123939459212124347686767578125, 
524288, 0.00009442179999999999778954873352887489090790040791034698486328125, 
1048576, 0.0001089304000000000031793401245039376590284518897533416748046875, 
65536, 0.000089243499999999993514167295760586284814053215086460113525390625, 
131072, 0.00008933680000000000158248691928264406669768504798412322998046875, 
262144, 0.000119473499999999993766153227880977283348329365253448486328125, 
524288, 0.000105618099999999997640025284351139589489321224391460418701171875, 
1048576, 0.000122039299999999995526012153135297921835444867610931396484375, 
2097152, 0.00017932690000000000587164483700775008401251398026943206787109375, 
131072, 0.00012339219999999998726540606508450537148746661841869354248046875, 
262144, 0.00012698430000000001001414506873743448522873222827911376953125, 
524288, 0.00018217250000000001128840076969339634160860441625118255615234375, 
1048576, 0.00017018329999999998723182736970471751192235387861728668212890625, 
2097152, 0.00019948009999999998767723774495408406437491066753864288330078125, 
4194304, 0.0003107429999999999892766611164773848940967582166194915771484375, 
262144, 0.0002063845000000000024127644326910058225621469318866729736328125, 
524288, 0.00021874709999999999141852280448716783212148584425449371337890625, 
1048576, 0.00024361209999999999136800765686672320953221060335636138916015625, 
2097152, 0.0002537819999999999767865965782931425565038807690143585205078125, 
4194304, 0.0004539618000000000147022005680952361217350699007511138916015625, 
8388608, 0.000712968799999999969414787859278703763266094028949737548828125, 
64, 0.00006433189999999999980455356318742587973247282207012176513671875, 
128, 0.00007464179999999999404712569539555033770739100873470306396484375, 
256, 0.000063958600000000001193321830239568726028664968907833099365234375, 
512, 0.000068717100000000006540350205863632027103449217975139617919921875, 
1024, 0.000062792400000000005481047560262908291406347416341304779052734375, 
2048, 0.000061252899999999997605014401269585277987061999738216400146484375, 
128, 0.0000640985999999999964647778849524684119387529790401458740234375, 
256, 0.0000633987999999999934409855573136383100063540041446685791015625, 
512, 0.0000606464000000000026495416971528129579382948577404022216796875, 
1024, 0.000062652399999999996657064349481203180403099395334720611572265625, 
2048, 0.000082712400000000004494926653109132530516944825649261474609375, 
4096, 0.000065778099999999999612267098658691111268126405775547027587890625, 
256, 0.000064425100000000000877338479643441360167344100773334503173828125, 
512, 0.000064331800000000006361546012190189003376872278749942779541015625, 
1024, 0.00006120619999999999684935081400993794886744581162929534912109375, 
2048, 0.000062419200000000000312823378312288014058140106499195098876953125, 
4096, 0.000062699000000000003969720385743613633167115040123462677001953125, 
8192, 0.0000608329999999999984573902100937203840658185072243213653564453125, 
512, 0.00007828060000000000399900113023932135547511279582977294921875, 
1024, 0.000070069999999999998279744117812839476755470968782901763916015625, 
2048, 0.000062745799999999998168391524000497838642331771552562713623046875, 
4096, 0.000072309200000000002184034897378950290658394806087017059326171875, 
8192, 0.000069510099999999997084400293889672184377559460699558258056640625, 
16384, 0.00007016330000000000634806374133489725863910280168056488037109375, 
1024, 0.000070209900000000000108192621528502286309958435595035552978515625, 
2048, 0.000072402600000000003695362071898244948897627182304859161376953125, 
4096, 0.000065918000000000001440715602374353920822613872587680816650390625, 
8192, 0.000074875099999999997386901373630507805501110851764678955078125, 
16384, 0.000061392900000000006428997612051290388990310020744800567626953125, 
32768, 0.0000632122000000000044094006224071335964254103600978851318359375, 
2048, 0.0000596668000000000027451159401170599494435009546577930450439453125, 
4096, 0.000066617800000000004464507930013184022755012847483158111572265625, 
8192, 0.0000657313999999999988566035113990437821485102176666259765625, 
16384, 0.000068110599999999998032350345678054281961522065103054046630859375, 
32768, 0.0000656381000000000043408110439457914253580383956432342529296875, 
65536, 0.00006461170000000000346145057061875149884144775569438934326171875, 
4096, 0.00006433189999999999980455356318742587973247282207012176513671875, 
8192, 0.000062465799999999994072952258505893041728995740413665771484375, 
16384, 0.000063585500000000003020632355354990750129218213260173797607421875, 
32768, 0.000067550800000000003832541228820929291032371111214160919189453125, 
65536, 0.000063725400000000004849080859070653559683705680072307586669921875, 
131072, 0.000062419200000000000312823378312288014058140106499195098876953125, 
8192, 0.000058593800000000001329363008562012282709474675357341766357421875, 
16384, 0.00006727090000000000673263667039236679556779563426971435546875, 
32768, 0.000061626100000000002773238583220205555335269309580326080322265625, 
65536, 0.0000604131999999999995290371479494950790467555634677410125732421875, 
131072, 0.0000696968000000000066640470919310246245004236698150634765625, 
262144, 0.000070909700000000003131984949167332388242357410490512847900390625, 
16384, 0.00006330560000000000592072779692642825466464273631572723388671875, 
32768, 0.00006246590000000000106848696557193534317775629460811614990234375, 
65536, 0.00006409870000000000346031259201851071338751353323459625244140625, 
131072, 0.00006582480000000000036793068591833844038774259388446807861328125, 
262144, 0.000078093899999999994419354332197968915352248586714267730712890625, 
524288, 0.00008420519999999999806276906877400278972345404326915740966796875, 
32768, 0.000075294899999999996315254435774733110520173795521259307861328125, 
65536, 0.000072309299999999995627042448376187167013995349407196044921875, 
131072, 0.000075901400000000004823254295960310855662100948393344879150390625, 
262144, 0.000073942000000000004575860523825525660868152044713497161865234375, 
524288, 0.000086351200000000000894274931884098123191506601870059967041015625, 
1048576, 0.000110376499999999995991518952909160589115344919264316558837890625, 
65536, 0.000083085599999999996110623678990947382771992124617099761962890625, 
131072, 0.000083225499999999997939072182706610192326479591429233551025390625, 
262144, 0.0000912495999999999945172246551550188087276183068752288818359375, 
524288, 0.000091902699999999996785353395534201581540401093661785125732421875, 
1048576, 0.00012068640000000000378661824118609047218342311680316925048828125, 
2097152, 0.00015478829999999998978665871618431992828845977783203125, 
131072, 0.000114015300000000005943394387752931606883066706359386444091796875, 
262144, 0.000115974599999999999195253452821674500228255055844783782958984375, 
524288, 0.000119799999999999998178713822571950231576920486986637115478515625, 
1048576, 0.00013090300000000000351339790594096257336786948144435882568359375, 
2097152, 0.00018403859999999998991494776223731832942576147615909576416015625, 
4194304, 0.0002494900999999999781191195591389941910165362060070037841796875, 
262144, 0.000207130900000000012749212796592246377258561551570892333984375, 
524288, 0.0002106764000000000010802414518451541880494914948940277099609375, 
1048576, 0.000196214599999999989889121199126975625404156744480133056640625, 
2097152, 0.00022807719999999999209439049963066281634382903575897216796875, 
4194304, 0.0003006196999999999840656739191757651497027836740016937255859375, 
8388608, 0.0004876905999999999754244972560712767517543397843837738037109375, 
524288, 0.0003790868999999999770962599843215912187588401138782501220703125, 
1048576, 0.000350629700000000001612610045498286126530729234218597412109375, 
2097152, 0.0004001265000000000051673387790884817150072194635868072509765625, 
4194304, 0.00045652769999999999635253988827798821148462593555450439453125, 
8388608, 0.00072971660000000003291897865409509904566220939159393310546875, 
16777216, 0.00115652750000000002945921284691621622187085449695587158203125, 
128, 0.000062559100000000002141271882027950823612627573311328887939453125, 
256, 0.00006349219999999999495231273183293296824558638036251068115234375, 
512, 0.000063445499999999994196649144573285639125970192253589630126953125, 
1024, 0.0000586404000000000018657554667900200229269103147089481353759765625, 
2048, 0.00005840719999999999874525091758670214403537102043628692626953125, 
4096, 0.0000608329999999999984573902100937203840658185072243213653564453125, 
256, 0.0000573808999999999980851615732913018064209609292447566986083984375, 
512, 0.00005840719999999999874525091758670214403537102043628692626953125, 
1024, 0.00006017990000000000296552504774894032379961572587490081787109375, 
2048, 0.0000578006999999999970135146354355271114400238730013370513916015625, 
4096, 0.0000598066999999999977973008657983200464514084160327911376953125, 
8192, 0.0000592003000000000030610992907131873153048218227922916412353515625, 
512, 0.000063818699999999999364873326523905916474177502095699310302734375, 
1024, 0.0000613462000000000056733340247916430598706938326358795166015625, 
2048, 0.000066477799999999995640524719231478911751764826476573944091796875, 
4096, 0.000074128599999999993607445458732030374449095688760280609130859375, 
8192, 0.0000608796999999999992130537973533677131854346953332424163818359375, 
16384, 0.0000598067999999999980165719948299596353535889647901058197021484375, 
1024, 0.0000647983999999999994885702125912985138711519539356231689453125, 
2048, 0.00006097300000000000050510984284102278252248652279376983642578125, 
4096, 0.000070443200000000003447968299763459754103678278625011444091796875, 
8192, 0.0000588735999999999982099964379589351892718696035444736480712890625, 
16384, 0.000059573500000000001453059894629404880106449127197265625, 
32768, 0.000059759999999999997041637278538672717331792227923870086669921875, 
2048, 0.000066291200000000006608939784324974198170821182429790496826171875, 
4096, 0.0000606465000000000028688128261844525468404754064977169036865234375, 
8192, 0.000061626100000000002773238583220205555335269309580326080322265625, 
16384, 0.0000595734000000000012337887655977652912042685784399509429931640625, 
32768, 0.000070863099999999995819328912904921935478341765701770782470703125, 
65536, 0.000063911999999999993880665793977158273264649324119091033935546875, 
4096, 0.000066804399999999993496092864919688736335956491529941558837890625, 
8192, 0.000066337899999999993812076215515816102197277359664440155029296875, 
16384, 0.000069276900000000000740159322720757018032600171864032745361328125, 
32768, 0.00006227920000000000504136732359938832814805209636688232421875, 
65536, 0.000062978999999999994512632495169413004987291060388088226318359375, 
131072, 0.00006288560000000000655383247671892377184121869504451751708984375, 
8192, 0.000060926299999999999749446255581375453402870334684848785400390625, 
16384, 0.00006260580000000000289693546928759815273224376142024993896484375, 
32768, 0.000060319899999999998236981102461840009709703736007213592529296875, 
65536, 0.000062512499999999994828615845765540370848611928522586822509765625, 
131072, 0.000063911999999999993880665793977158273264649324119091033935546875, 
262144, 0.000073988700000000005331524111085172989987768232822418212890625, 
16384, 0.0000633521000000000062378491261227964059798978269100189208984375, 
32768, 0.000064378499999999993564682443381030907403328455984592437744140625, 
65536, 0.00007296230000000000445216363775813306347117759287357330322265625, 
131072, 0.0000673642000000000012484291378456191523582674562931060791015625, 
262144, 0.000067457499999999995764221605298871509148739278316497802734375, 
524288, 0.00008639790000000000164993851914374545231112278997898101806640625, 
32768, 0.000070443200000000003447968299763459754103678278625011444091796875, 
65536, 0.0000735220999999999986519727546152580544003285467624664306640625, 
131072, 0.000086444499999999995410067399337350479981978423893451690673828125, 
262144, 0.000082619099999999996426607029587074748633312992751598358154296875, 
524288, 0.000089010299999999997169926324591671118469093926250934600830078125, 
1048576, 0.000109816700000000001791709836052035598186193965375423431396484375, 
65536, 0.0000929290000000000042217063178640046317013911902904510498046875, 
131072, 0.00008929019999999999426983088302023361393366940319538116455078125, 
262144, 0.000092042700000000005609336606315906692543649114668369293212890625, 
524288, 0.00009190260000000000334234584453696470518480055034160614013671875, 
1048576, 0.0001100965999999999988916143944805980936507694423198699951171875, 
2097152, 0.00015408859999999999375840109561153212780482135713100433349609375, 
131072, 0.000114108600000000000459186855206183963673538528382778167724609375, 
262144, 0.000117560799999999994274423043005839417673996649682521820068359375, 
524288, 0.000122692400000000011346668049583286119741387665271759033203125, 
1048576, 0.0001423792000000000004637790151917897674138657748699188232421875, 
2097152, 0.00018198600000000000214729622971532307929010130465030670166015625, 
4194304, 0.0002397400000000000051814108559256055741570889949798583984375, 
262144, 0.0001828722999999999872071387851946155933546833693981170654296875, 
524288, 0.00020022649999999999801368610885532461907132528722286224365234375, 
1048576, 0.00023162270000000000753047346702118147732107900083065032958984375, 
2097152, 0.00023381540000000001111764291739092413990874774754047393798828125, 
4194304, 0.000316667699999999990335963762078108629793860018253326416015625, 
8388608, 0.0004663711000000000180161496832198508855071850121021270751953125, 
524288, 0.0003329022999999999856378385398869568234658800065517425537109375, 
1048576, 0.0003509561999999999924726434841204536496661603450775146484375, 
2097152, 0.0003712028000000000028946178787236931384541094303131103515625, 
4194304, 0.000492122499999999955810903173869519378058612346649169921875, 
8388608, 0.0005846783000000000361795482461957362829707562923431396484375, 
16777216, 0.00096931670000000003627194100630504181026481091976165771484375, 
1048576, 0.000856187799999999954621288100753417893429286777973175048828125, 
2097152, 0.000800066499999999946983464393923668467323295772075653076171875, 
4194304, 0.00077800039999999996524759904303891744348220527172088623046875, 
8388608, 0.00088240569999999997341522117721979157067835330963134765625, 
16777216, 0.00133585439999999995401569474751113375532440841197967529296875, 
33554432, 0.0027823184999999999410247308873067595413886010646820068359375, 
256, 0.000065871399999999994128059566111943468058598227798938751220703125, 
512, 0.000065544799999999996272491420423733643474406562745571136474609375, 
1024, 0.000067317599999999993935773101583208699594251811504364013671875, 
2048, 0.00006363209999999999678076123554859577780007384717464447021484375, 
4096, 0.000062279299999999998484374874596625204503652639687061309814453125, 
8192, 0.000063585500000000003020632355354990750129218213260173797607421875, 
512, 0.000062186000000000003968582407143372847713180817663669586181640625, 
1024, 0.000063119000000000003336615705951118115990539081394672393798828125, 
2048, 0.0000616726999999999965333674634138105830061249434947967529296875, 
4096, 0.000063352199999999999680856677120033282335498370230197906494140625, 
8192, 0.000065871300000000000685052015114706591702997684478759765625, 
16384, 0.00006339890000000000043652026437968061145511455833911895751953125, 
1024, 0.0000630723000000000025809521186914707868709228932857513427734375, 
2048, 0.0000616726999999999965333674634138105830061249434947967529296875, 
4096, 0.000074268600000000002431428669513735485452343709766864776611328125, 
8192, 0.00006283899999999999924117644045651331907720305025577545166015625, 
16384, 0.000062745799999999998168391524000497838642331771552562713623046875, 
32768, 0.00006423860000000000528876109573417352294200100004673004150390625, 
2048, 0.00006353880000000000226496876809534342100960202515125274658203125, 
4096, 0.000063025600000000001825288531431823457751306705176830291748046875, 
8192, 0.000062092600000000002457255232624078189473948441445827484130859375, 
16384, 0.000063492100000000001509305180835696091889985837042331695556640625, 
32768, 0.000063258900000000005165064209666780925545026548206806182861328125, 
65536, 0.000070116600000000005592400154075249929519486613571643829345703125, 
4096, 0.00006853050000000000395623811488832188842934556305408477783203125, 
8192, 0.000064938399999999994760026267304198199781239964067935943603515625, 
16384, 0.000068110599999999998032350345678054281961522065103054046630859375, 
32768, 0.000069183499999999999228832148201462359793367795646190643310546875, 
65536, 0.000063818699999999999364873326523905916474177502095699310302734375, 
131072, 0.000065031599999999995832811183760213680216111242771148681640625, 
8192, 0.000064985000000000002072682303566608652545255608856678009033203125, 
16384, 0.000065124900000000003901130807282271462099743075668811798095703125, 
32768, 0.0000640985999999999964647778849524684119387529790401458740234375, 
65536, 0.000068017300000000003516557878224801925171050243079662322998046875, 
131072, 0.000065684699999999998100939924139396453028894029557704925537109375, 
262144, 0.00007128289999999999474768197504914724049740470945835113525390625, 
16384, 0.000070769699999999994308001738385627277239109389483928680419921875, 
32768, 0.00006829720000000000061646243665336442063562572002410888671875, 
65536, 0.00007039650000000000269230471250381242498406209051609039306640625, 
131072, 0.00007296230000000000445216363775813306347117759287357330322265625, 
262144, 0.00007053640000000000452075321621947523453854955732822418212890625, 
524288, 0.000085278299999999999697793129360690045359660871326923370361328125, 
32768, 0.000072542500000000005523810575613907758452114649116992950439453125, 
65536, 0.0000740819999999999998473165785384253467782400548458099365234375, 
131072, 0.000074968299999999998459686290086523285935982130467891693115234375, 
262144, 0.000076974300000000006019736098483718933493946678936481475830078125, 
524288, 0.000091669500000000000441112424365286415195441804826259613037109375, 
1048576, 0.000105151599999999997956008634947266955350642092525959014892578125, 
65536, 0.0000980140000000000004287681321102354559116065502166748046875, 
131072, 0.0000929290000000000042217063178640046317013911902904510498046875, 
262144, 0.00009456180000000000661353194431058000191114842891693115234375, 
524288, 0.00012325220000000000554647716644041111067053861916065216064453125, 
1048576, 0.000120499800000000001202506150210780333509319461882114410400390625, 
2097152, 0.000162019300000000002377753549609451511059887707233428955078125, 
131072, 0.0001321159999999999934243433141745072134654037654399871826171875, 
262144, 0.00012838380000000000906619501694905238764476962387561798095703125, 
524288, 0.00013538149999999999121245986000161565243615768849849700927734375, 
1048576, 0.00017974669999999999124747074308316996393841691315174102783203125, 
2097152, 0.00016197259999999998806956280628099875684711150825023651123046875, 
4194304, 0.00024277239999999998651576682551223029804532416164875030517578125, 
262144, 0.0001851582000000000054196203080891791614703834056854248046875, 
524288, 0.00018725750000000000749546258393962716581881977617740631103515625, 
1048576, 0.0002516360000000000146126721833894634983153082430362701416015625, 
2097152, 0.000220193199999999997783228788961196187301538884639739990234375, 
4194304, 0.00031624780000000002506965746107425729860551655292510986328125, 
8388608, 0.00063786050000000002989375413875450249179266393184661865234375, 
524288, 0.0003500698999999999803077466165035502854152582585811614990234375, 
1048576, 0.000341672700000000026214486137376979968394152820110321044921875, 
2097152, 0.000362292500000000014699630401793228884343989193439483642578125, 
4194304, 0.0004411794999999999931060423730144748333259485661983489990234375, 
8388608, 0.000561632699999999973443365330894039288978092372417449951171875, 
16777216, 0.000883292000000000039790226669111916635301895439624786376953125, 
1048576, 0.000661372700000000045099379786250892721000127494335174560546875, 
2097152, 0.000683905099999999985423138060269820925896055996417999267578125, 
4194304, 0.000729530000000000043887393719188594332081265747547149658203125, 
8388608, 0.000832162400000000033843672309075145676615647971630096435546875, 
16777216, 0.00120229220000000005565132799034699928597547113895416259765625, 
33554432, 0.00171932640000000010703506969633735934621654450893402099609375, 
2097152, 0.0017941081000000000215954809590357399429194629192352294921875, 
4194304, 0.00148191899999999994463895092167149414308369159698486328125, 
8388608, 0.001491855700000000069238570432617052574642002582550048828125, 
16777216, 0.001634934499999999950314855112765144440345466136932373046875, 
33554432, 0.0023893296000000001366725399520873907022178173065185546875, 
67108864, 0.00399827959999999975326812062803583103232085704803466796875, 
512, 0.0000726823999999999937997319232607651429134421050548553466796875, 
1024, 0.000071796099999999995187362211712667203755700029432773590087890625, 
2048, 0.000071002999999999997647777416620584745032829232513904571533203125, 
4096, 0.000069370199999999995255951790174009374823071993887424468994140625, 
8192, 0.000071236199999999993992018387789499911377788521349430084228515625, 
16384, 0.000071562800000000005400113689546515161055140197277069091796875, 
1024, 0.000071236199999999993992018387789499911377788521349430084228515625, 
2048, 0.000072542500000000005523810575613907758452114649116992950439453125, 
4096, 0.000074734999999999995119910611851565818142262287437915802001953125, 
8192, 0.0000793535000000000051954829327627294333069585263729095458984375, 
16384, 0.000071516100000000004644450102286867831935524009168148040771484375, 
32768, 0.00008061310000000000241908437725868452616850845515727996826171875, 
2048, 0.000071236300000000000987553094855542212826549075543880462646484375, 
4096, 0.000071376200000000002816001598571205022381036542356014251708984375, 
8192, 0.000071236199999999993992018387789499911377788521349430084228515625, 
16384, 0.000070303199999999994623985088981754643100430257618427276611328125, 
32768, 0.000072449100000000004012483401094613100212882272899150848388671875, 
65536, 0.000075434900000000005139237646556438221523421816527843475341796875, 
4096, 0.000072169300000000000355586393663287481103907339274883270263671875, 
8192, 0.0000735220999999999986519727546152580544003285467624664306640625, 
16384, 0.000071469499999999997331794066024457379171508364379405975341796875, 
32768, 0.000071982600000000004328466751690740466074203141033649444580078125, 
65536, 0.0000730557000000000059634908122774277217104099690914154052734375, 
131072, 0.00007646110000000000558005586182019897023565135896205902099609375, 
8192, 0.000072309200000000002184034897378950290658394806087017059326171875, 
16384, 0.000073335499999999996067860663639947915726224891841411590576171875, 
32768, 0.00007310220000000000628061214147379587302566505968570709228515625, 
65536, 0.00007328879999999999531219707638030058660660870373249053955078125, 
131072, 0.000089150199999999998998374828307333928023581393063068389892578125, 
262144, 0.000079027000000000000782922338071756485078367404639720916748046875, 
16384, 0.000074735100000000002115445318917608119591022841632366180419921875, 
32768, 0.000074968400000000005455220997152565587384742684662342071533203125, 
65536, 0.000079726699999999996811179958644544285562005825340747833251953125, 
131072, 0.000077067600000000000535528565936971290284418500959873199462890625, 
262144, 0.000091109599999999999245768600442119122817530296742916107177734375, 
524288, 0.000084718399999999998502449305437522752981749363243579864501953125, 
32768, 0.000081032900000000001347437439402909831187571398913860321044921875, 
65536, 0.00007795400000000000614343298455111153089092113077640533447265625, 
131072, 0.0000796799999999999960555163713848969564423896372318267822265625, 
262144, 0.00007968010000000000305105107845093925789115019142627716064453125, 
524288, 0.0000877507999999999933893324310929529019631445407867431640625, 
1048576, 0.00013622119999999999606470069135610856392304413020610809326171875, 
65536, 0.000096941000000000005789278778589590501724160276353359222412109375, 
131072, 0.00010790400000000000229997965117689773251186124980449676513671875, 
262144, 0.0000931622000000000005659472890329197980463504791259765625, 
524288, 0.000096521199999999993308398560376559771611937321722507476806640625, 
1048576, 0.00013864709999999999599611111289476639285567216575145721435546875, 
2097152, 0.0001739153000000000118090148770733094352181069552898406982421875, 
131072, 0.00013108959999999999254498284084746728694881312549114227294921875, 
262144, 0.00012703089999999999022174679286223408780642785131931304931640625, 
524288, 0.00015427520000000000989504034265564769157208502292633056640625, 
1048576, 0.00017008990000000001282555450732303370386944152414798736572265625, 
2097152, 0.00019467510000000000911814235227126346217119134962558746337890625, 
4194304, 0.0002677773000000000153987544937450593351968564093112945556640625, 
262144, 0.0001996667000000000038138769919981996281421743333339691162109375, 
524288, 0.00021076969999999999559603391929840654483996331691741943359375, 
1048576, 0.00019831380000000001207448308004899217849015258252620697021484375, 
2097152, 0.0002370809000000000089057594632180325788795016705989837646484375, 
4194304, 0.000277107500000000023070156895954596620867960155010223388671875, 
8388608, 0.00043114960000000001651143666236976059735752642154693603515625, 
524288, 0.0003280504999999999857750176968096411656006239354610443115234375, 
1048576, 0.00034825049999999998888433605515047020162455737590789794921875, 
2097152, 0.0003720425999999999876373391050066175012034364044666290283203125, 
4194304, 0.000404325100000000009319023330789377723704092204570770263671875, 
8388608, 0.0006005396999999999992081445299163533491082489490509033203125, 
16777216, 0.00098531800000000000112898579374132168595679104328155517578125, 
1048576, 0.000678913500000000017832457732680495610111393034458160400390625, 
2097152, 0.000730556300000000037771219485449591957149095833301544189453125, 
4194304, 0.000737693899999999967535824207942596331122331321239471435546875, 
8388608, 0.000890616299999999992687005345715078874491155147552490234375, 
16777216, 0.001139173299999999937337502586842674645595252513885498046875, 
33554432, 0.00172623080000000009466554207193667025421746075153350830078125, 
2097152, 0.00133305529999999997602111445615946649922989308834075927734375, 
4194304, 0.0013868440999999999581338006038322419044561684131622314453125, 
8388608, 0.00147300860000000003076359167408782013808377087116241455078125, 
16777216, 0.00163875989999999992219326117037780932150781154632568359375, 
33554432, 0.0021307891000000001545389149981701848446391522884368896484375, 
67108864, 0.0034314219999999999444195708520055632106959819793701171875, 
4194304, 0.005510848300000000150877799143245283630676567554473876953125, 
8388608, 0.00855791179999999991612202876467563328333199024200439453125, 
16777216, 0.00348082540000000002777813534748929669149219989776611328125, 
33554432, 0.00324514400000000015344969739317093626596033573150634765625, 
67108864, 0.00439028869999999980799909593542906804941594600677490234375, 
134217728, 0.007598391900000000219461693262701373896561563014984130859375, 
1024, 0.000089150300000000005993909535373376229472341947257518768310546875, 
2048, 0.000088870399999999995341477820876008308914606459438800811767578125, 
4096, 0.000088870300000000001898470269878771432559005916118621826171875, 
8192, 0.00009092299999999999666165650946680898414342664182186126708984375, 
16384, 0.0000913894999999999963456731588706816182821057736873626708984375, 
32768, 0.00009544819999999999866890920685591481742449104785919189453125, 
2048, 0.000088730400000000000070021766163108623004518449306488037109375, 
4096, 0.000086724400000000006062499113834718400539713911712169647216796875, 
8192, 0.0000903632000000000024618473926096839932142756879329681396484375, 
16384, 0.000089756699999999993953847532424106248072348535060882568359375, 
32768, 0.0000912495999999999945172246551550188087276183068752288818359375, 
65536, 0.000095308200000000003397453152143015131514403037726879119873046875, 
4096, 0.000088917000000000002654133857138418761678622104227542877197265625, 
8192, 0.0000896633999999999994380550649708538912818767130374908447265625, 
16384, 0.000090876299999999995905992922207161655023810453712940216064453125, 
32768, 0.00009059650000000000580162307084464146100799553096294403076171875, 
65536, 0.00009824730000000000376854381034519292370532639324665069580078125, 
131072, 0.000096474500000000006105262129185717867585481144487857818603515625, 
8192, 0.000092042700000000005609336606315906692543649114668369293212890625, 
16384, 0.000092742400000000001637594226888694493027287535369396209716796875, 
32768, 0.00009078309999999999483320800575114617458893917500972747802734375, 
65536, 0.000091576099999999998929785249845991756956209428608417510986328125, 
131072, 0.000093908700000000004345403203931397229098365642130374908447265625, 
262144, 0.00010356549999999999631984659576033891426050104200839996337890625, 
16384, 0.000096941000000000005789278778589590501724160276353359222412109375, 
32768, 0.000103332200000000006532598073594186871559941209852695465087890625, 
65536, 0.0001022126000000000045804526838111314646084792912006378173828125, 
131072, 0.000096801100000000003960830274873927692169672809541225433349609375, 
262144, 0.00011135619999999999611521583897655318651231937110424041748046875, 
524288, 0.00012507159999999999696988772779349119446123950183391571044921875, 
32768, 0.000099693399999999996580722638750415853792219422757625579833984375, 
65536, 0.000100393199999999999604514966389245955724618397653102874755859375, 
131072, 0.000100766400000000004772739148339866233072825707495212554931640625, 
262144, 0.0001093035000000000013520295993885156349278986454010009765625, 
524288, 0.00012409190000000001039871799779490402215742506086826324462890625, 
1048576, 0.00015040320000000000359892393664296150745940394699573516845703125, 
65536, 0.00010557150000000000387989640415753456181846559047698974609375, 
131072, 0.00010524490000000000602432825846932473723427392542362213134765625, 
262144, 0.000110983000000000004499518813094738334257272072136402130126953125, 
524288, 0.0001110762000000000055723037295507538146921433508396148681640625, 
1048576, 0.00015245579999999999136657546916495675759506411850452423095703125, 
2097152, 0.0002125890999999999870194444806514866286306641995906829833984375, 
131072, 0.00014363879999999999768738045968774486027541570365428924560546875, 
262144, 0.00015730750000000001133891591731384096419787965714931488037109375, 
524288, 0.000158053899999999994570309969077470668707974255084991455078125, 
1048576, 0.00016430519999999999348518076036640422898926772177219390869140625, 
2097152, 0.000198780399999999991648980124381296263891272246837615966796875, 
4194304, 0.0003421391999999999987934484746432417523465119302272796630859375, 
262144, 0.0002667977000000000087180651586749036141554825007915496826171875, 
524288, 0.0002643251000000000215835183059454038811963982880115509033203125, 
1048576, 0.0002759412999999999731477740017027144858730025589466094970703125, 
2097152, 0.000239600100000000003352962352209942764602601528167724609375, 
4194304, 0.0003060312000000000253428777963193851974210701882839202880859375, 
8388608, 0.0004365611000000000035785319152381589447031728923320770263671875, 
524288, 0.0003227322999999999932237149113944951750454492866992950439453125, 
1048576, 0.00033196929999999998626980524107921155518852174282073974609375, 
2097152, 0.0003551547999999999966243280358213496583630330860614776611328125, 
4194304, 0.000397140799999999983931064928555088044959120452404022216796875, 
8388608, 0.000573202200000000046224701844010951390373520553112030029296875, 
16777216, 0.000830342899999999954109564104243190740817226469516754150390625, 
1048576, 0.00066347200000000002007016774996372987516224384307861328125, 
2097152, 0.000717120700000000040573444604063979568309150636196136474609375, 
4194304, 0.000711709300000000033396829746124012672225944697856903076171875, 
8388608, 0.000832022500000000032015223805359482867061160504817962646484375, 
16777216, 0.0010599597999999999138609485527240394731052219867706298828125, 
33554432, 0.00165802690000000003435476347846133648999966681003570556640625, 
2097152, 0.0013007260999999999129261851749106426723301410675048828125, 
4194304, 0.0013784934999999999029329789124176386394537985324859619140625, 
8388608, 0.00148182570000000000433326707849346348666585981845855712890625, 
16777216, 0.001570929300000000090886675963020024937577545642852783203125, 
33554432, 0.002119033099999999801565930823699090979062020778656005859375, 
67108864, 0.0035752940000000001281865724678254991886205971240997314453125, 
4194304, 0.0029678966000000000201308747449502334347926080226898193359375, 
8388608, 0.002745370799999999854301702129077966674230992794036865234375, 
16777216, 0.0028919485999999998589171656959706524503417313098907470703125, 
33554432, 0.00305261499999999984245047102149328566156327724456787109375, 
67108864, 0.004248096199999999884877599498622657847590744495391845703125, 
134217728, 0.00669434009999999961315619856350167538039386272430419921875, 
8388608, 0.017790818399999998311589166632984415628015995025634765625, 
16777216, 0.0117867279999999997885939961861367919482290744781494140625, 
33554432, 0.01205898369999999948654068049336274270899593830108642578125, 
67108864, 0.00633097470000000030199149847476292052306234836578369140625, 
134217728, 0.0088742527999999994137159120555224944837391376495361328125, 
268435456, 0.01534513420000000079312929557318057049997150897979736328125, 
2048, 0.00012171269999999999767044400744708809725125320255756378173828125, 
4096, 0.000121059700000000002397849974133947625887230969965457916259765625, 
8192, 0.000120826399999999999058074295898990158093511126935482025146484375, 
16384, 0.000121992700000000001765883272941692894164589233696460723876953125, 
32768, 0.00013449509999999999915708259745628083692281506955623626708984375, 
65536, 0.0001536220999999999940743844462076594936661422252655029296875, 
4096, 0.0001253515000000000076223194422908591150189749896526336669921875, 
8192, 0.00012581800000000000730633609169473174915765412151813507080078125, 
16384, 0.000121992700000000001765883272941692894164589233696460723876953125, 
32768, 0.00012497830000000000245409526034023883767076767981052398681640625, 
65536, 0.000133048999999999992792376612982252481742762029170989990234375, 
131072, 0.00013836720000000001244873371053500932248425669968128204345703125, 
8192, 0.0001263311999999999941934891722894462873227894306182861328125, 
16384, 0.00012903689999999999778179660125942973536439239978790283203125, 
32768, 0.00012763739999999999872974665304781183294835500419139862060546875, 
65536, 0.0001269377000000000027014890324750240324647165834903717041015625, 
131072, 0.0001298299999999999953213813963515121940872631967067718505859375, 
262144, 0.00014046649999999998741952167424784647664637304842472076416015625, 
16384, 0.00012833720000000000175353898068664193488075397908687591552734375, 
32768, 0.00012759079999999999141709061678540138018433935940265655517578125, 
65536, 0.000130483199999999991032517687727931843255646526813507080078125, 
131072, 0.000131416100000000010510070591607245660270564258098602294921875, 
262144, 0.00013692099999999999908849301899493866585544310510158538818359375, 
524288, 0.00015231589999999998953812696544929394804057665169239044189453125, 
32768, 0.00012927020000000000112157227949438720315811224281787872314453125, 
65536, 0.00012815060000000001272195404578013722129981033504009246826171875, 
131072, 0.000133328799999999996449273620413578100851736962795257568359375, 
262144, 0.00013552139999999999304090836371727846199064515531063079833984375, 
524288, 0.00017956010000000000221588580817666525035747326910495758056640625, 
1048576, 0.00018725759999999998738594297886805861708126030862331390380859375, 
65536, 0.0001325356999999999989096888253214956421288661658763885498046875, 
131072, 0.00013636109999999999789314919507177137347753159701824188232421875, 
262144, 0.0001399533000000000005323685936531319384812377393245697021484375, 
524288, 0.000142752299999999998636468490076367743313312530517578125, 
1048576, 0.00019252909999999999273410933309236270360997878015041351318359375, 
2097152, 0.00022476500000000000710313752261271247334661893546581268310546875, 
131072, 0.00014279909999999999283513962833325194878852926194667816162109375, 
262144, 0.00014653109999999999030727282356423302189796231687068939208984375, 
524288, 0.00015044980000000001091157997290537196022341959178447723388671875, 
1048576, 0.00016579799999999998705302317603127448819577693939208984375, 
2097152, 0.00022401859999999999676668915871147191865020431578159332275390625, 
4194304, 0.0002987536999999999853296073215602746131480671465396881103515625, 
262144, 0.0001955147000000000069748484765597140722093172371387481689453125, 
524288, 0.0003050516000000000186621884612492294763796962797641754150390625, 
1048576, 0.00021202929999999999281963536379436163770151324570178985595703125, 
2097152, 0.00024141939999999998778083820649698054694454185664653778076171875, 
4194304, 0.00033402189999999997403745677360120680532418191432952880859375, 
8388608, 0.000482232400000000001154265572012036500382237136363983154296875, 
524288, 0.0003402265000000000128542454458369093117653392255306243896484375, 
1048576, 0.0003496500000000000150414403154996989542269147932529449462890625, 
2097152, 0.0003690101999999999791979288232823819271288812160491943359375, 
4194304, 0.00041001649999999997993349598601753314142115414142608642578125, 
8388608, 0.00063524809999999996661113055296254970016889274120330810546875, 
16777216, 0.00088142590000000000695357105229277294711209833621978759765625, 
1048576, 0.0007120358000000000242568631847461801953613758087158203125, 
2097152, 0.000672102500000000004608258219462868510163389146327972412109375, 
4194304, 0.000715021499999999991283028411004352165036834776401519775390625, 
8388608, 0.0008341218000000000069860117690723200212232768535614013671875, 
16777216, 0.001158346900000000075092732032544518006034195423126220703125, 
33554432, 0.0019675568999999999524053162502923441934399306774139404296875, 
2097152, 0.0013604394999999999162076935732557103619910776615142822265625, 
4194304, 0.0014031252999999999607483314179035005508922040462493896484375, 
8388608, 0.00147170229999999996502169086198819059063680469989776611328125, 
16777216, 0.00169091589999999995612423031587923105689696967601776123046875, 
33554432, 0.002219006400000000066297101142254177830182015895843505859375, 
67108864, 0.0032385196999999998380970200884121368289925158023834228515625, 
4194304, 0.0026451175999999999854939147780896746553480625152587890625, 
8388608, 0.0026712887999999998002442769262643196270801126956939697265625, 
16777216, 0.0027922085000000001868414312156119194696657359600067138671875, 
33554432, 0.0032483163999999999267676020764383792993612587451934814453125, 
67108864, 0.004140145599999999793949800874770517111755907535552978515625, 
134217728, 0.006079245300000000150342227556166108115576207637786865234375, 
8388608, 0.00530838250000000011485923323562019504606723785400390625, 
16777216, 0.0053245237000000000815447265267721377313137054443359375, 
33554432, 0.00554154469999999961526970793102009338326752185821533203125, 
67108864, 0.00605941859999999977992590771691538975574076175689697265625, 
134217728, 0.0078125671000000007637709131813608109951019287109375, 
268435456, 0.01337669089999999998130686407193934428505599498748779296875, 
16777216, 0.0280332546999999994430385896748703089542686939239501953125, 
33554432, 0.0276078433000000005026475236036276328377425670623779296875, 
67108864, 0.01110972709999999939733950071740764542482793331146240234375, 
134217728, 0.01218876720000000059285216735815993160940706729888916015625, 
268435456, 0.017266320000000001666506932451738975942134857177734375, 
536870912, 0.0308236905999999984129278374211935442872345447540283203125, 
4096, 0.00019975999999999999832966945945145198493264615535736083984375, 
8192, 0.0002013928000000000007214950858980273551424033939838409423828125, 
16384, 0.00020521819999999999970495545564830308649106882512569427490234375, 
32768, 0.00020461169999999999119695559546272534134914167225360870361328125, 
65536, 0.00021590129999999999911575176980704782181419432163238525390625, 
131072, 0.000228590400000000006086597892362988204695284366607666015625, 
8192, 0.00020223260000000001256927062431856256807805038988590240478515625, 
16384, 0.00020423859999999999302426612057814736544969491660594940185546875, 
32768, 0.00023078300000000000267823263566668856583419255912303924560546875, 
65536, 0.000589483400000000048839232658082210036809556186199188232421875, 
131072, 0.000216087899999999988147336704713552535395137965679168701171875, 
262144, 0.000233768699999999996809452174062471385695971548557281494140625, 
16384, 0.00020512490000000000518916298819505072970059700310230255126953125, 
32768, 0.0002039586000000000024813540111523479936295188963413238525390625, 
65536, 0.0002081105999999999993203825265908335495623759925365447998046875, 
131072, 0.000209929999999999990743793087943913633353076875209808349609375, 
262144, 0.00022117280000000000446391812403135190834291279315948486328125, 
524288, 0.0002697833999999999757442303849330755838309414684772491455078125, 
32768, 0.00021562139999999998846332005530967990125645883381366729736328125, 
65536, 0.00022397199999999998945403312244906146588618867099285125732421875, 
131072, 0.0002158546999999999918030957335446373690501786768436431884765625, 
262144, 0.00021963340000000000358341967210407119637238793075084686279296875, 
524288, 0.00022994329999999999782599180431219565434730611741542816162109375, 
1048576, 0.0002539686000000000200282901374748689704574644565582275390625, 
65536, 0.0002150149999999999869508549021901444575632922351360321044921875, 
131072, 0.00022005319999999998895924557817949107629829086363315582275390625, 
262144, 0.00021800060000000000119159404565749582616263069212436676025390625, 
524288, 0.00022691089999999998938658152258796008027275092899799346923828125, 
1048576, 0.00024174600000000001274146066432280122171505354344844818115234375, 
2097152, 0.00034955670000000002052564784804644659743644297122955322265625, 
131072, 0.00022033320000000000660721199974290129830478690564632415771484375, 
262144, 0.00022397199999999998945403312244906146588618867099285125732421875, 
524288, 0.00023591460000000000619795048617532984280842356383800506591796875, 
1048576, 0.0002721159000000000012693679440900496047106571495532989501953125, 
2097152, 0.00026843050000000001110989078512147898436523973941802978515625, 
4194304, 0.0003985869999999999972913056200951587015879340469837188720703125, 
262144, 0.000250703000000000015244638884581718230037949979305267333984375, 
524288, 0.0002517759999999999963316010820335577591322362422943115234375, 
1048576, 0.0002598467000000000137749367468131822533905506134033203125, 
2097152, 0.0002801397999999999974089781584751790433074347674846649169921875, 
4194304, 0.0004062844999999999824613627907865520683117210865020751953125, 
8388608, 0.000612902199999999981218368194646473057218827307224273681640625, 
524288, 0.0003766144000000000240623021507957446374348364770412445068359375, 
1048576, 0.0003926156999999999889193469382320245131268166005611419677734375, 
2097152, 0.0004445849999999999997181421296232883832999505102634429931640625, 
4194304, 0.00049981989999999996109047994963248129351995885372161865234375, 
8388608, 0.000622558900000000033959912659753399566398002207279205322265625, 
16777216, 0.000905171399999999998393918065886509793926961719989776611328125, 
1048576, 0.00074483150000000000572064617898604410584084689617156982421875, 
2097152, 0.00072561130000000002328308656984745539375580847263336181640625, 
4194304, 0.000731442599999999995726007728791273621027357876300811767578125, 
8388608, 0.000820313099999999957405438788526907956111244857311248779296875, 
16777216, 0.0010982137000000000322252891038488087360747158527374267578125, 
33554432, 0.0017379401999999999524348925916683583636768162250518798828125, 
2097152, 0.00140023290000000004244806728337380263837985694408416748046875, 
4194304, 0.00140923659999999989662911037413550729979760944843292236328125, 
8388608, 0.00144235879999999997737314405554798213415779173374176025390625, 
16777216, 0.00168181899999999997889765790404226208920590579509735107421875, 
33554432, 0.002021065800000000113600950868431027629412710666656494140625, 
67108864, 0.003236420299999999937445860354046089923940598964691162109375, 
4194304, 0.0026110156000000001551286654688510679989121854305267333984375, 
8388608, 0.0027398660000000000895592489058572027715854346752166748046875, 
16777216, 0.0030196326000000001631151658187945940881036221981048583984375, 
33554432, 0.0033154473000000001144116357210123169352300465106964111328125, 
67108864, 0.00422276459999999971561823741694752243347465991973876953125, 
134217728, 0.006069588499999999629819225077653754851780831813812255859375, 
8388608, 0.005157466099999999907532721721281632198952138423919677734375, 
16777216, 0.00534747609999999991281516287244812701828777790069580078125, 
33554432, 0.005576066499999999918901760764811115222983062267303466796875, 
67108864, 0.0062726607999999996201356822211891994811594486236572265625, 
134217728, 0.007852593700000000398464550244170823134481906890869140625, 
268435456, 0.01181117310000000079905912997446648660115897655487060546875, 
16777216, 0.0101502072000000005680409032038369332440197467803955078125, 
33554432, 0.010465475400000000261169219584189704619348049163818359375, 
67108864, 0.011297684400000000681796308299453812651336193084716796875, 
134217728, 0.0124280407000000002459838555068927234970033168792724609375, 
268435456, 0.016106386899999998452148730621047434397041797637939453125, 
536870912, 0.0259193999000000008248179028669255785644054412841796875, 
33554432, 0.059376685300000002498688189689346472732722759246826171875, 
67108864, 0.037181489599999999196011657431881758384406566619873046875, 
134217728, 0.055732441000000000619341022911612526513636112213134765625, 
268435456, 0.059157565000000002231050899581532576121389865875244140625, 
536870912, 0.06701384409999999736129439042997546494007110595703125, 
1073741824, 0.09720984409999999797946657054126262664794921875, 
8192, 0.0003603797999999999745503187487116747433901764452457427978515625, 
16384, 0.0003573941000000000075241535224535027737147174775600433349609375, 
32768, 0.0003613595000000000153315971029854836160666309297084808349609375, 
65536, 0.0003691968000000000224396223824641083410824649035930633544921875, 
131072, 0.000384964899999999990952426198731473050429485738277435302734375, 
262144, 0.0004125824000000000157939439304755069315433502197265625, 
16384, 0.000358886899999999973986941625980762182734906673431396484375, 
32768, 0.000359726700000000012939771476538908245856873691082000732421875, 
65536, 0.00036159270000000001167583807415439878241159021854400634765625, 
131072, 0.0003773607999999999801886418904217634917586110532283782958984375, 
262144, 0.0003934553999999999937715877695865174246137030422687530517578125, 
524288, 0.0004190668999999999839480013807957448079832829535007476806640625, 
32768, 0.0003668176000000000097113483921162924161762930452823638916015625, 
65536, 0.0003685903999999999938221029172069620472029782831668853759765625, 
131072, 0.0003712028999999999827850982736521245897165499627590179443359375, 
262144, 0.0003931289000000000029115543309643499014782719314098358154296875, 
524288, 0.0004055379999999999922344340319568800623528659343719482421875, 
1048576, 0.000441459399999999976653419775374231903697364032268524169921875, 
65536, 0.00084167919999999997633655102191596597549505531787872314453125, 
131072, 0.0003927555999999999907477954419476873226813040673732757568359375, 
262144, 0.0003997533000000000271041689092754722878453321754932403564453125, 
524288, 0.0004001731999999999923704752102793236190336756408214569091796875, 
1048576, 0.000421212900000000000332034399974645566544495522975921630859375, 
2097152, 0.000468143800000000022236423813382089065271429717540740966796875, 
131072, 0.0003844051000000000238576713940119589096866548061370849609375, 
262144, 0.0003882304999999999957360774516246237908490002155303955078125, 
524288, 0.0003994733999999999893466828826404935171012766659259796142578125, 
1048576, 0.0004162678000000000059534210894440775518887676298618316650390625, 
2097152, 0.0004516294000000000232776520281419152524904347956180572509765625, 
4194304, 0.0006272241000000000447911485679242105106823146343231201171875, 
262144, 0.0004297034000000000031511959708296899407287128269672393798828125, 
524288, 0.000414168499999999976772524501456018697354011237621307373046875, 
1048576, 0.0004193466999999999876048983882270704270922578871250152587890625, 
2097152, 0.000452888900000000013505718765571828043903224170207977294921875, 
4194304, 0.0004876440000000000223219498440840879993629641830921173095703125, 
8388608, 0.00073713410000000000044106940322308219037950038909912109375, 
524288, 0.0004740685000000000232957264589828128009685315191745758056640625, 
1048576, 0.0004612861000000000218090878689736200612969696521759033203125, 
2097152, 0.000481439399999999983505161171848385492921806871891021728515625, 
4194304, 0.0005350882000000000381090270451522883377037942409515380859375, 
8388608, 0.000758593599999999993778454498993824017816223204135894775390625, 
16777216, 0.00115974640000000004703972766861852505826391279697418212890625, 
1048576, 0.000722345700000000018499435316954304653336293995380401611328125, 
2097152, 0.0007591533999999999608732093037133381585590541362762451171875, 
4194304, 0.0008059443999999999809491502134051188477315008640289306640625, 
8388608, 0.00087746060000000003324671649096444525639526546001434326171875, 
16777216, 0.00116156580000000009267324685424682684242725372314453125, 
33554432, 0.00180810350000000009430822789369130987324751913547515869140625, 
2097152, 0.0014381603000000000615321571473259609774686396121978759765625, 
4194304, 0.00146069270000000000185591542134488918236456811428070068359375, 
8388608, 0.00149269539999999996567059401542110208538360893726348876953125, 
16777216, 0.001635540999999999904612746348675500485114753246307373046875, 
33554432, 0.002113295099999999877848910756483746808953583240509033203125, 
67108864, 0.00337166180000000002825455425181644386611878871917724609375, 
4194304, 0.0027449042999999999359328484160869265906512737274169921875, 
8388608, 0.0028434314000000001330936694188267210847698152065277099609375, 
16777216, 0.0029599659000000000386165766030899249017238616943359375, 
33554432, 0.003177686600000000083365847558525274507701396942138671875, 
67108864, 0.00448890920000000019640662429765143315307796001434326171875, 
134217728, 0.0063091420000000002221707262606287258677184581756591796875, 
8388608, 0.005202857699999999772921821517002172186039388179779052734375, 
16777216, 0.005456406399999999719263588104922746424563229084014892578125, 
33554432, 0.00556813580000000037106833161715258029289543628692626953125, 
67108864, 0.0061340136999999995970345167961568222381174564361572265625, 
134217728, 0.0078998512999999999373290648918555234558880329132080078125, 
268435456, 0.0123077741999999996924675116360958782024681568145751953125, 
16777216, 0.0208235599000000000391441545843917992897331714630126953125, 
33554432, 0.02587760050000000033865177329062134958803653717041015625, 
67108864, 0.01106288939999999949848064062507546623237431049346923828125, 
134217728, 0.01242379549999999936715777693052586982958018779754638671875, 
268435456, 0.0165809685999999990857478593397900112904608249664306640625, 
536870912, 0.02524043980000000020336159423095523379743099212646484375, 
33554432, 0.037719889999999998975166448644813499413430690765380859375, 
67108864, 0.036882595999999996660978496265670401044189929962158203125, 
134217728, 0.059578637900000001870193244712936575524508953094482421875, 
268435456, 0.057266655899999997780813743020189576782286167144775390625, 
536870912, 0.064573851500000001291112994294962845742702484130859375, 
1073741824, 0.0846139994000000006391104534486657939851284027099609375, 
67108864, 0.180880138400000001208667299579246900975704193115234375, 
134217728, 0.143051924599999991105647723088623024523258209228515625, 
268435456, 0.14505652250000000691443347022868692874908447265625, 
536870912, 0.149563578899999993776503970366320572793483734130859375, 
1073741824, 0.175236381100000004895633765045204199850559234619140625, 
2147483648, 0.2279690162000000130948507148787030018866062164306640625, 
