size,time
1,0.003939219209804942
2,0.002059179724310636
4,0.002046583926268863
8,0.002249516228052988
16,0.0017540815050765737
32,0.0017060308681023997
2,0.001546484092906605
4,0.0016407193227006116
8,0.0017078969122567393
16,0.0016561141869738914
32,0.0015740082441830748
64,0.001512895298128543
4,0.0023311556598052223
8,0.001845051157600492
16,0.0043833377185370954
32,0.0016486500103565435
64,0.0015432185156365186
128,0.0014709093046559665
8,0.0016150612155784866
16,0.001641185833739199
32,0.0019346212770086565
64,0.001586137531186263
128,0.0016673104518999116
256,0.0015819389318390067
16,0.0015408859604435984
32,0.0015996663513052067
64,0.0015306227175947429
128,0.0015782068435303345
256,0.0015978003071508637
512,0.003460112373178975
32,0.0017036983129094865
64,0.0017456843063820698
128,0.02408316585587049
256,0.0014751079040032367
512,0.0025182265862774833
1024,0.0033602790109219516
64,0.0016715090512471747
128,0.0015072971656655276
256,0.001462978617000038
512,0.0024990996336955312
1024,0.002535020983666522
2048,0.003050515681302046
128,0.0017573470823466636
256,0.0037684761696831215
512,0.0031802057500284614
1024,0.0028825717074117407
2048,0.006439251865577658
4096,0.003737686441136562
256,0.0019444180088189211
512,0.0026437180556566353
1024,0.00313961928967163
2048,0.01713028533681163
4096,0.003169942507179613
8192,0.003151282065636224
512,0.003223124765578206
1024,0.004732754486436647
2048,0.030743543953737018
4096,0.0050140606427029055
8192,0.004881571507745014
16384,0.007037319017042604
1024,0.0041057636505794914
2048,0.0033780064303881585
4096,0.0033070967525233586
8192,0.004871308264896151
16384,0.014364807900084542
32768,0.004121158514852785
2048,0.004399665604887526
4096,0.0029842711138231004
8192,0.003686370226892277
16384,0.003954614074078211
32768,0.0040063967993611005
65536,0.0041463501109363365
4096,0.0027188263328686846
8192,0.003914494124759971
16384,0.00406051207983682
32768,0.004001731688975219
65536,0.003966743361081382
131072,0.004007329821438199
8192,0.00251216194277587
16384,0.002650715721235375
32768,0.0035226248523492765
65536,0.025588130466343117
131072,0.023113289406653914
262144,0.0034722416601821737
2,0.0009540150739046904
4,0.0008765742414996724
8,0.0010393865939655744
16,0.0019308891886999913
32,0.0022980333760657112
64,0.0009722090044094744
4,0.0009348881213226967
8,0.001073441899782257
16,0.0009428188089786183
32,0.0008863709733100134
64,0.0008551147337248488
128,0.0009185602349722766
8,0.0009082969921234141
16,0.0010697098114735848
32,0.0011942682587754994
64,0.0010823056095153327
128,0.0010543149472002633
256,0.0013085634632286625
16,0.0012213258990134146
32,0.0010412526381198828
64,0.0010146615089206557
128,0.0009381536985927919
256,0.0009362876544384835
512,0.001231589141862277
32,0.001124758114026514
64,0.0009885368907598946
128,0.0009362876544384835
256,0.0010645781900491258
512,0.0009479504304030772
1024,0.0014443181754567047
64,0.000887303995387112
128,0.0012231919431677785
256,0.000985737824528432
512,0.0009073639700462599
1024,0.0016103961051926463
2048,0.001624857947388758
128,0.0009698764492165335
256,0.0010118624426891376
512,0.0009106295473162995
1024,0.0013962675384824874
2048,0.0014009326488683138
4096,0.001388803361865143
256,0.0008448514908759308
512,0.0009138951245864502
1024,0.001482572080620581
2048,0.0016994997135622025
4096,0.0018296562933272087
8192,0.0016136616824627414
512,0.0016575137200895984
1024,0.0015604794240641207
2048,0.0014489832858425311
4096,0.002152948443066016
8192,0.002276107357252255
16384,0.0024599127064545145
1024,0.0015194264526687817
2048,0.0016019989064981477
4096,0.0023204259059177446
8192,0.002338153325384007
16384,0.002368476542891962
32768,0.0023614788773131945
2048,0.002958146495662395
4096,0.0017256243317229636
8192,0.0017097629564111205
16384,0.002271908757905061
32768,0.0030547142806492955
65536,0.002639052945270781
4096,0.001691102514867704
8192,0.0016542481428195588
16384,0.002467843394110436
32768,0.0023932016279369916
65536,0.0025023652109655847
131072,0.0031853373714528788
8192,0.0034750407264136918
16384,0.0019467505640118343
32768,0.0019444180088189489
65536,0.002824724338627349
131072,0.003698499513895448
262144,0.004471041793790986
16384,0.0021958674586157745
32768,0.0022271236982008835
65536,0.0030178599086011504
131072,0.00329496746552016
262144,0.0035888694198281668
524288,0.004287236444588727
4,0.0013953345164052777
8,0.001178873394502289
16,0.001148550176994223
32,0.0010337884615025938
64,0.0009652113388306516
128,0.0009703429602551106
8,0.0010095298874962522
16,0.0009703429602552216
32,0.0010972339627500771
64,0.0010823056095152772
128,0.0010370540387726335
256,0.0015978003071508429
16,0.0011774738613864466
32,0.00119006965942825
64,0.001112628827023343
128,0.0009750080706409925
256,0.0009143616356249717
512,0.0010048647771103703
32,0.001107497205598884
64,0.0011420190224540328
128,0.0011060976724831528
256,0.000967077382985071
512,0.0010011326888016425
1024,0.0014937683455465978
64,0.0010743749218594667
128,0.0009572806511748411
256,0.000993202001145721
512,0.0011359543789525306
1024,0.0009694099381779564
2048,0.0017718089245427615
128,0.000941419275862887
256,0.0008779737746154037
512,0.0010921023413256181
1024,0.0010001996667244883
2048,0.002380139318856611
4096,0.0016472504772407914
256,0.0010015991998402196
512,0.0008854379512328592
1024,0.0008616458882649836
2048,0.0015492831591380485
4096,0.0018072637634751754
8192,0.0019285566335071058
512,0.0017060308681023928
1024,0.0016094630831154921
2048,0.0017708759024656073
4096,0.001769476369349876
8192,0.0023936681389755687
16384,0.002401132315592913
1024,0.0017078969122567011
2048,0.0018693097316068163
4096,0.0019416189425874864
8192,0.002390869072743995
16384,0.0021706758625322786
32768,0.002544817715476766
2048,0.002406263937017261
4096,0.0023824718740494966
8192,0.0018347879147516677
16384,0.0019304226776614142
32768,0.0026241245920360923
65536,0.002302231975413016
4096,0.002432388555178022
8192,0.001867910198491085
16384,0.001764344747925417
32768,0.0025261572739334603
65536,0.0026003325290683277
131072,0.0029264237450387087
8192,0.002808862963315395
16384,0.0027692095250357873
32768,0.0021487498437188224
65536,0.0021039647840146447
131072,0.003005730621597924
262144,0.003434454266056819
16384,0.0030192594417168817
32768,0.0021403526450243238
65536,0.002037253705497122
131072,0.0031069635169708176
262144,0.003632254946416613
524288,0.003999865644820799
32768,0.004131888268740114
65536,0.003134954179285776
131072,0.003331821837568305
262144,0.0032002657246875676
524288,0.004303564330939258
1048576,0.005719425333042261
8,0.001515694364360054
16,0.001101432562097382
32,0.0009213593012037391
64,0.0008714426200753245
128,0.0009582136732519952
256,0.0008961677051202432
16,0.0008789067966926689
32,0.000910629547316355
64,0.0008798398187698231
128,0.00093115603301408
256,0.000982472247258337
512,0.0009092300142006238
32,0.0009498164745573856
64,0.0009596132063677265
128,0.0008579137999563669
256,0.0011098297607917695
512,0.0019784733146355205
1024,0.0010743749218594667
64,0.0009908694459528355
128,0.0010725088777050473
256,0.0009138951245863947
512,0.000858846822033521
1024,0.0008439184687988321
2048,0.0008476505571074489
128,0.0010841716536695856
256,0.0010132619758048689
512,0.0010309893952710203
1024,0.0012325221639394313
2048,0.001178873394502289
4096,0.0018245246719027497
256,0.0016729085843628644
512,0.0011336218237595341
1024,0.0010753079439366209
2048,0.0009376871875541593
4096,0.0014396530650707673
8192,0.0017932684323176407
512,0.001759213126501069
1024,0.0019439514977803718
2048,0.0018917022614589607
4096,0.0029240911898457123
8192,0.0018604460218737406
16384,0.0024865038356538527
1024,0.002249516228052917
2048,0.002125424291789635
4096,0.002405797425978684
8192,0.0016103961051926463
16384,0.002358213300043044
32768,0.003046317081954797
2048,0.002100232695706028
4096,0.0025536814252098416
8192,0.002493501501232509
16384,0.0018063307413980212
32768,0.0017097629564110095
65536,0.003227323364925483
4096,0.002799532742543742
8192,0.002778073234768863
16384,0.001887970173150344
32768,0.0017783400790829518
65536,0.0026819719608205395
131072,0.003480638858876728
8192,0.002797666698389323
16384,0.002963744628125431
32768,0.0025686097784446416
65536,0.001862778577066626
131072,0.0020157941977223537
262144,0.0035865368646352813
16384,0.003398066405047251
32768,0.002799532742543853
65536,0.002264911092326294
131072,0.002161345641760626
262144,0.004370275409456781
524288,0.0037232245989404777
32768,0.0031326216240927796
65536,0.005199265525020813
131072,0.003914494124759971
262144,0.0027533481497239443
524288,0.005103630762111067
1048576,0.0061257564476489
65536,0.005623790570132403
131072,0.004309628974440871
262144,0.003951348496808116
524288,0.004443517642514383
1048576,0.0058327875154182696
2097152,0.007203863457817095
16,0.0013309559930807513
32,0.0010748414328978217
64,0.0009964675784159827
128,0.001495167878662551
256,0.0015035650773569387
512,0.0027122951783284943
32,0.0016122621493468436
64,0.0017200261992598165
128,0.0018268572270958572
256,0.0017559475492308074
512,0.0018291897822886316
1024,0.0026413855004636666
64,0.0011266241581808778
128,0.0009969340894544487
256,0.0008705095979979482
512,0.0008490500902231801
1024,0.0009656778498692287
2048,0.0016477169882795906
128,0.001742885240150649
256,0.002063844834696571
512,0.00162439143635007
1024,0.0015908026415720755
2048,0.0016617123194369032
4096,0.002720225865984416
256,0.0017676103251955677
512,0.0015324887617489402
1024,0.001023991729692364
2048,0.0010641116790106597
4096,0.0010370540387725224
8192,0.0018525153342179301
512,0.001754081505076499
1024,0.0016957676252535858
2048,0.0023096961520303605
4096,0.004366543321147942
8192,0.0027178933107914194
16384,0.001598733329228219
1024,0.00330989581875496
2048,0.0015959342629965345
4096,0.0018870371510730788
8192,0.0016976336694078942
16384,0.001655181164896824
32768,0.0015707426669129276
2048,0.002032588595111351
4096,0.0024818387252678598
8192,0.0037586794378727806
16384,0.0039914684461261896
32768,0.0034181263797063988
65536,0.0018968338828833087
4096,0.0018221921167098643
8192,0.00283452107043769
16384,0.002266310625441914
32768,0.0018977669049604629
65536,0.0016869039155205101
131072,0.0029936013345948087
8192,0.0033294892823754196
16384,0.003905163903988207
32768,0.0034829714140696133
65536,0.0033948008277771002
131072,0.001960745895169369
262144,0.0019896695795615926
16384,0.003605663817217275
32768,0.0027860039224247846
65536,0.0025429516713224576
131072,0.0020913689859729523
262144,0.004028322818174557
524288,0.005159145575702517
32768,0.004638519256642715
65536,0.0035002323224972987
131072,0.004009195865592563
262144,0.003791801721612531
524288,0.0031629448416008454
1048576,0.004059579057759777
65536,0.006169608485276035
131072,0.008339817836769736
262144,0.007195466259122707
524288,0.0069034303489687865
1048576,0.006131821091150513
2097152,0.010419990557816394
131072,0.007005596266418834
262144,0.0062568460494911715
524288,0.008767141948112789
1048576,0.010049580793180635
2097152,0.0087144262007528
4194304,0.01468670051670773
32,0.0010743749218593557
64,0.0009792066699882973
128,0.001117760448447802
256,0.0010431186822743577
512,0.0017134950447197372
1024,0.0015819389318389998
64,0.0010617791238176633
128,0.0014284568001448061
256,0.0020671104119667216
512,0.00197520773736537
1024,0.0030948342299674803
2048,0.0034101956920504772
128,0.0020764406327382634
256,0.0021384866008700154
512,0.002668443140701582
1024,0.0020470504373073517
2048,0.0031783397058742224
4096,0.0031489495104433107
256,0.0017820721673915685
512,0.0011284902023351862
1024,0.0010594465686246668
2048,0.001086504208862582
4096,0.0018235916498257065
8192,0.0017475503505364198
512,0.002038653238612964
1024,0.0016990332025237365
2048,0.001484904635813411
4096,0.0015506826922537797
8192,0.0016411858337390672
16384,0.0010949014075569696
1024,0.0016169272597328366
2048,0.0019122287471564636
4096,0.0016131951714239978
8192,0.001587537064302147
16384,0.0009199597680880078
32768,0.0009129621025092405
2048,0.001826390716057169
4096,0.003102764917623624
8192,0.0028951675054533776
16384,0.004403397693196087
32768,0.003078039832578483
65536,0.0027309556198718
4096,0.0026367203900778957
8192,0.003320625572642122
16384,0.004197199814142127
32768,0.01484718031398069
65536,0.0023451509909626633
131072,0.002197733502770083
8192,0.0020601127463879543
16384,0.0027342211971419506
32768,0.002519159608354693
65536,0.002507963343428621
131072,0.0026665770965472735
262144,0.002005997465912124
16384,0.0023208924169564327
32768,0.0024174602019433333
65536,0.0026978333361324935
131072,0.0038981662384094395
262144,0.00448830270221845
524288,0.00508823589783769
32768,0.006627255814127153
65536,0.005983937091919467
131072,0.006414993291571136
262144,0.006498965278516344
524288,0.017951344764719712
1048576,0.011192066326673356
65536,0.01338653425217351
131072,0.007574273222452854
262144,0.006381404496793142
524288,0.0045601454021604315
1048576,0.007091434297518351
2097152,0.009136152179632928
131072,0.008649581166389586
262144,0.008903829682417985
524288,0.006576872621959939
1048576,0.017659308854566236
2097152,0.010121423493122617
4194304,0.01150462872252489
262144,0.012164275331082886
524288,0.011211659790294037
1048576,0.012401729449722287
2097152,0.014601328996646679
4194304,0.02261085701809873
8388608,0.020434116512064726
64,0.002318559861763436
128,0.0021758074839568486
256,0.002156680531374633
512,0.003460578884217469
1024,0.0040217916636344775
2048,0.003129822557861317
128,0.002187936770959631
256,0.0022163939443133884
512,0.0022938347767182954
1024,0.0033532813453431842
2048,0.003102764917623624
4096,0.03424517580935005
256,0.004769608858484542
512,0.0048423845805039
1024,0.015631385369840878
2048,0.0051129609828830525
4096,0.004614260682636484
8192,0.004264377403698116
512,0.0022168604553520765
1024,0.0018590464887582314
2048,0.0016831718272118934
4096,0.0019621454282852113
8192,0.0016486500103565227
16384,0.0021384866008697934
1024,0.0016360542123150523
2048,0.0018095963186679498
4096,0.0015530152474467762
8192,0.0016341881681602999
16384,0.0015740082441828562
32768,0.0016379202564689166
2048,0.0036089293944874257
4096,0.0033327548596453482
8192,0.003336020436915721
16384,0.004427189756164296
32768,0.004062378123991461
65536,0.0037311552865961772
4096,0.0055318878955317174
8192,0.0034162603355518684
16384,0.0035454838932396093
32768,0.0037955338099209257
65536,0.007620457815272985
131072,0.00630956179685116
8192,0.0181617412431212
16384,0.004338552658833095
32768,0.005411061536538142
65536,0.0038529146676666848
131072,0.0029082298145342023
262144,0.0025723418667533693
16384,0.0020871703866256475
32768,0.0027757406795760886
65536,0.00280326483085247
131072,0.0027244244653319427
262144,0.002882105196373441
524288,0.002767343480881479
32768,0.002808862963315395
65536,0.002881638685334753
131072,0.002871375442485835
262144,0.0042237909433411325
524288,0.003751215261255325
1048576,0.004656246676108644
65536,0.0056415179895985545
131072,0.006069308611980517
262144,0.006442050931809273
524288,0.006919758235319762
1048576,0.007446915708919644
2097152,0.01970122767044913
131072,0.01552222178681184
262144,0.016050778793527787
524288,0.032837245494902856
1048576,0.006813393718522409
2097152,0.008239517963473997
4194304,0.011179470528631885
262144,0.007774872969044555
524288,0.00809956465189865
1048576,0.00856001104698123
2097152,0.013766740748619721
4194304,0.018004993534157077
8388608,0.03546743473044067
524288,0.017273970736695787
1048576,0.02117773510756793
2097152,0.03283677898386417
4194304,0.025365138189899827
8388608,0.02791881961510967
16777216,0.03739179276460014
128,0.0022835715338693774
256,0.002606863683608296
512,0.036245108631760115
1024,0.026318220241727364
2048,0.0029870701800547295
4096,0.003061711946227952
256,0.002100232695705806
512,0.0020241913964165192
1024,0.002983804602784801
2048,0.003632254946416502
4096,0.003703164624281108
8192,0.0036037977730627446
512,0.0028900358840289186
1024,0.002895634016492288
2048,0.003585137331519661
4096,0.003487170013416918
8192,0.003950881985769872
16384,0.017620121927325094
1024,0.014189399749576559
2048,0.01091262621456135
4096,0.012918157169434785
8192,0.019098961919636892
16384,0.023464105707669436
32768,0.007215992744820543
2048,0.004545217048925743
4096,0.0037437510846380917
8192,0.005792667566100196
16384,0.00476867583640761
32768,0.0018683767095297732
65536,0.0016505160545112751
4096,0.001639786300623669
8192,0.03272948144498988
16384,0.03980645390031201
32768,0.006326822705278623
65536,0.0017671438141566576
131072,0.0018679101984915292
8192,0.0016934350700608114
16384,0.0027953341431965484
32768,0.005105030295227131
65536,0.003651381898998718
131072,0.005414793624846759
262144,0.00465717969818602
16384,0.003990535424049035
32768,0.00434415079129602
65536,0.004421125112662239
131072,0.004666043407919318
262144,0.03906610088207918
524288,0.018655776432981774
32768,0.004816726473381827
65536,0.005967609205569158
131072,0.004361411699723483
262144,0.006672040873830998
524288,0.0054395187098914555
1048576,0.007326089349926068
65536,0.005370475076181158
131072,0.03608322930137131
262144,0.01858486675511717
524288,0.01961399010623399
1048576,0.01834181450401484
2097152,0.010298697687784575
131072,0.008822190250665773
262144,0.00826237700436483
524288,0.005385403429416069
1048576,0.04842244627192338
2097152,0.02703478119699243
4194304,0.011529820318608497
262144,0.010903295993789808
524288,0.011088500876107688
1048576,0.04174014215524391
2097152,0.02059133073206798
4194304,0.01666797289757449
8388608,0.10858417631878048
524288,0.017527286230647032
1048576,0.014726353954987115
2097152,0.07939038203521953
4194304,0.019420388025221946
8388608,0.03027003524957461
16777216,0.055217179548902706
1048576,0.05875146717721602
2097152,0.031847775582066085
4194304,0.027957073520273212
8388608,0.058270960807474736
16777216,0.08305156066602848
33554432,0.09335399044212167
256,0.007290167999955521
512,0.010061710080183417
1024,0.011893232417666155
2048,0.004703830802045061
4096,0.004155213820669523
8192,0.004070775322685627
512,0.004280238779009515
1024,0.004831188315577606
2048,0.002679172894588966
4096,0.002556013980402838
8192,0.0031526815987517054
16384,0.0027860039224245625
1024,0.0019318222107767014
2048,0.0019234250120820917
4096,0.002011595598375493
8192,0.002451515507759794
16384,0.0024132616025953624
32768,0.002544817715476988
2048,0.0017438182622280252
4096,0.0024393862207565675
8192,0.0026465171218879036
16384,0.0019434849867421278
32768,0.0019462840529733683
65536,0.003253914494124821
4096,0.0019070971257315605
8192,0.0024715754824189418
16384,0.0025056307882351803
32768,0.0018520488231796861
65536,0.0020615122795035745
131072,0.003269775869436664
8192,0.002198200013808993
16384,0.002596600440758934
32768,0.002824257827588106
65536,0.0026413855004632225
131072,0.002715094244559957
262144,0.002499566144734011
16384,0.00229616733191218
32768,0.0030967002741215666
65536,0.0030187929306784156
131072,0.0030141278202924227
262144,0.0032973000207130454
524288,0.003104164450739688
32768,0.002763144881534174
65536,0.0037801389456477708
131072,0.0030817719208870997
262144,0.0041874030823318975
524288,0.003342551591455134
1048576,0.004803197653263425
65536,0.003067776589730009
131072,0.0033649441213077225
262144,0.0032301224311561683
524288,0.0035566801581659035
1048576,0.0045904686196687194
2097152,0.005951281319218182
131072,0.0048806384856678875
262144,0.004566210045662267
524288,0.005379338785914456
1048576,0.005341084880750913
2097152,0.007407262270639592
4194304,0.01583478418266271
262144,0.02218446592883261
524288,0.02120712530299862
1048576,0.009109561050434145
2097152,0.012804328476019755
4194304,0.016321821706945627
8388608,0.038765201262192406
524288,0.02205570888218311
1048576,0.018463573885084905
2097152,0.02833588048360358
4194304,0.05743497302633127
8388608,0.028023318087752713
16777216,0.04956166622814617
1048576,0.03875027290895705
2097152,0.031037912419083824
4194304,0.04654753840785375
8388608,0.041404254207463076
16777216,0.06543283827181945
33554432,0.07540357869947911
2097152,0.09487295038375265
4194304,0.07616259215925592
8388608,0.10548047837907948
16777216,0.0828239032791993
33554432,0.1465847659887327
67108864,0.16785580330401828
512,0.004861511533086116
1024,0.004025523751943538
2048,0.03233901170569453
4096,0.04373261080103674
8192,0.027424317914210405
16384,0.009402529982664554
1024,0.004244783940078101
2048,0.0040371865279080765
4096,0.005944283653640525
8192,0.005223057587988578
16384,0.005267842647692866
32768,0.005800131742716985
2048,0.004605863483941874
4096,0.06632387435551568
8192,0.035517351411568754
16384,0.011446314842701533
32768,0.005259911960036945
65536,0.005613060816245685
4096,0.005245450117841166
8192,0.0061122276275300536
16384,0.00449856594506759
32768,0.004025990262981338
65536,0.005864976777080422
131072,0.008261910493326141
8192,0.021731950221406393
16384,0.016261641782968184
32768,0.019966205940364468
65536,0.014833651493861844
131072,0.008821257228588841
262144,0.0207728035260768
16384,0.006036652839279455
32768,0.005428322444966049
65536,0.005467975883244769
131072,0.005255246849650952
262144,0.004149149177167466
524288,0.005282771000927333
32768,0.00603012168473871
65536,0.037716017936416435
131072,0.05449641999428945
262144,0.01683638338250315
524288,0.007741750685305249
1048576,0.0056928342038427004
65536,0.0036028647509853684
131072,0.0036611786308080596
262144,0.00372462413205632
524288,0.004058179524644601
1048576,0.00760273039580639
2097152,0.02286277297893413
131072,0.028067170125379626
262144,0.00524498360680159
524288,0.005581338065621111
1048576,0.00815367993237448
2097152,0.011161743109165734
4194304,0.013023122153116518
262144,0.03130429022211523
524288,0.018179935173625594
1048576,0.011000330289815174
2097152,0.012553345537262395
4194304,0.0473713969019931
8388608,0.029954673787491615
524288,0.023071303413181532
1048576,0.017509092300142193
2097152,0.0176691055863758
4194304,0.04646356642090854
8388608,0.04237273112356377
16777216,0.06229928362564863
1048576,0.03784804056033586
2097152,0.0649509323689621
4194304,0.04785330280485134
8388608,0.03296040440908854
16777216,0.05825509943216289
33554432,0.076118740121629
2097152,0.07646862340056693
4194304,0.11813039170132988
8388608,0.10950833468621646
16777216,0.09617824826971066
33554432,0.08694132970574486
67108864,0.1414209553026442
4194304,0.13156497659047517
8388608,0.13491312631439634
16777216,0.13803221911836872
33554432,0.14765587533332258
67108864,0.1744723293642565
134217728,0.2758880970641524
1024,0.005959678517912792
2048,0.006205529835247248
4096,0.005171274862705744
8192,0.006060911413285908
16384,0.06204736766481389
32768,0.017520288565068043
2048,0.026486630726656912
4096,0.003672841406773486
8192,0.0036733079178130623
16384,0.00482185809480562
32768,0.005837452625804929
65536,0.007205729501970737
4096,0.006248448850795896
8192,0.0036919683593552577
16384,0.003595867085406823
32768,0.06588208840197574
65536,0.035394659008421314
131072,0.00753228722898136
8192,0.005375606697606727
16384,0.005295833310007936
32768,0.005618192437669478
65536,0.004606796506017474
131072,0.005219792010718649
262144,0.007464643128384907
16384,0.012213725501172945
32768,0.02489536157404615
65536,0.017457309574860247
131072,0.01546950603945163
262144,0.014917156969767476
524288,0.01680559365395773
32768,0.0055323544065704056
65536,0.005718958822003017
131072,0.0061635438417741994
262144,0.0061850033495503
524288,0.007778605057353616
1048576,0.007579404843877313
65536,0.06778778599459123
131072,0.030166469799008055
262144,0.01525771002793519
524288,0.006800797920480051
1048576,0.02951988549953022
2097152,0.02269529551608329
131072,0.016370805365996333
262144,0.006983670247604934
524288,0.007450181286190016
1048576,0.00774781532880553
2097152,0.009305029175600055
4194304,0.012018257376006147
262144,0.009471573616375295
524288,0.010113492805466251
1048576,0.010637384701796648
2097152,0.011714092178849
4194304,0.014909226282112442
8388608,0.020727551955333823
524288,0.014222988544355886
1048576,0.0164524447977481
2097152,0.015544614316663541
4194304,0.021227185277657767
8388608,0.040950805477958596
16777216,0.037515418189824956
1048576,0.02566837036498093
2097152,0.0330994246985874
4194304,0.03161871866211996
8388608,0.033832780051241684
16777216,0.04571201713774897
33554432,0.06976719233130524
2097152,0.04971048324945393
4194304,0.05373180840205194
8388608,0.05240505100831783
16777216,0.0628423024745608
33554432,0.08623223292709525
67108864,0.13114884874405952
4194304,0.08758978004937568
8388608,0.09733752820059216
16777216,0.10129260878570889
33554432,0.12425334908274621
67108864,0.170035809387322
134217728,0.2642752377806765
8388608,0.17203247663246302
16777216,0.19160074865691357
33554432,0.20038001989203025
67108864,0.24509137085201793
134217728,0.34482489974677755
268435456,0.5273501426590759
2048,0.0021655442411070425
4096,0.001793734943356995
8192,0.0023213589279933444
16384,0.0023218254390329207
32768,0.0023740746753535547
65536,0.0029315553664623906
4096,0.0018380534920225955
8192,0.0017750745018130232
16384,0.0022984998871038442
32768,0.0023446844799241973
65536,0.002495367545385818
131072,0.002892368439221471
8192,0.0026917686926317685
16384,0.0024958340564253945
32768,0.0019290231445445727
65536,0.0018674436874519529
131072,0.0025429516713213474
262144,0.0028891028619515424
16384,0.002813994584739632
32768,0.0029936013345945867
65536,0.0021436182222949185
131072,0.0022019321021176097
262144,0.0030332547728750825
524288,0.0034372533322883925
32768,0.0031214253591667074
65536,0.0031713420402965653
131072,0.003160612286407627
262144,0.003382671540775206
524288,0.003036053839105435
1048576,0.0035090960322303744
65536,0.003741418529443763
131072,0.0038916350838693603
262144,0.004027389796098291
524288,0.00422005885503296
1048576,0.004346949857527704
2097152,0.005771674569363228
131072,0.0050411182829410706
262144,0.0054698419274004095
524288,0.005529555340338277
1048576,0.006252180939105401
2097152,0.007583603443224618
4194304,0.010618257749214877
262144,0.007833186848868579
524288,0.008284303023177841
1048576,0.008814726074048096
2097152,0.010087834698344622
4194304,0.012949413409019783
8388608,0.018761207927701307
524288,0.013205527969203601
1048576,0.014454844530531474
2097152,0.015451778619986811
4194304,0.017881368108932705
8388608,0.02345850757520651
16777216,0.03476626863944787
1048576,0.0237351486210855
2097152,0.026496893969504498
4194304,0.028238846187576883
8388608,0.03287409986695167
16777216,0.04488955817672391
33554432,0.06715426400419489
2097152,0.044990324561059225
4194304,0.050390189832672405
8388608,0.05465736630259954
16777216,0.06258898698061088
33554432,0.0861142056343347
67108864,0.13208933499784692
4194304,0.08725062652432669
8388608,0.09695685519310615
16777216,0.10474059187188445
33554432,0.12337630833020796
67108864,0.1688821275889012
134217728,0.26002205664190114
8388608,0.17100661885861612
16777216,0.19417728912301513
33554432,0.20839421302386896
67108864,0.24509463642928608
134217728,0.3365531925216416
268435456,0.5276202525504168
16777216,0.3408264336350726
33554432,0.3821145265939272
67108864,0.41524240846586835
134217728,0.48801719746292704
268435456,0.6865489006200889
536870912,1.0491917229745482
4096,0.0023530816786170305
8192,0.0027421518847994264
16384,0.002413261602598027
32768,0.0024375201766027033
65536,0.0030971667851602547
131072,0.0029478832528120336
8192,0.0026763738283577254
16384,0.0019677435607476923
32768,0.001876773908225715
65536,0.0025681432674034
131072,0.002958613006700972
262144,0.0031526815987525936
16384,0.0028709089314453706
32768,0.002115161048941161
65536,0.002137553578791085
131072,0.002936220476851048
262144,0.003155480664982946
524288,0.003529156006887746
32768,0.0030491161481869256
65536,0.0032105289675357085
131072,0.0032291894090796802
262144,0.002659579430968506
524288,0.0030061971326382775
1048576,0.004135153846011264
65536,0.0037414185294473157
131072,0.0037689426807219206
262144,0.0038557137338983694
524288,0.0037442175956741153
1048576,0.004161278464170692
2097152,0.005970408271799954
131072,0.004991668112850789
262144,0.005499232122829767
524288,0.005895766505624067
1048576,0.0062428507183369675
2097152,0.007795865965782411
4194304,0.010029054307484131
262144,0.007691834004177167
524288,0.008901963638262345
1048576,0.009085768987468157
2097152,0.010224988943686952
4194304,0.013130419691989914
8388608,0.018712690779690178
524288,0.013145348045224381
1048576,0.015239049586391218
2097152,0.01563558396918907
4194304,0.017670038608454064
8388608,0.023473902439480554
16777216,0.035180530441710545
1048576,0.023869503800199254
2097152,0.027856773646981026
4194304,0.02921105519198619
8388608,0.0330373787304552
16777216,0.04447296381927046
33554432,0.06767628985636875
2097152,0.04556413313851948
4194304,0.05335906608222274
8388608,0.05545136809027085
16777216,0.06358312200383409
33554432,0.08629334587315185
67108864,0.13202262391932607
4194304,0.08761823722272766
8388608,0.1031829115140539
16777216,0.10807521277568455
33554432,0.12465268253177442
67108864,0.17050092089278834
134217728,0.26310196251863616
8388608,0.17158695859061623
16777216,0.20486412399490206
33554432,0.21198728104304365
67108864,0.24595861487274462
134217728,0.3358268348345632
268435456,0.5228529762471226
16777216,0.34581483617065345
33554432,0.4047505752081122
67108864,0.4204174154168854
134217728,0.48745831723870126
268435456,0.6691433737705097
536870912,1.0480734960150642
33554432,0.6807846902273411
67108864,0.8040826247030708
134217728,0.8406304989988698
268435456,0.974681979424993
536870912,1.3743709098644672
1073741824,2.0958927435140993
8192,0.002428189955828941
16384,0.0020834382983210276
32768,0.0028699759093697708
65536,0.003150815554597841
131072,0.0030892360975016686
262144,0.0035212253192327125
16384,0.002173941439806981
32768,0.0022387864741588714
65536,0.0029875366910943058
131072,0.0028214587613533126
262144,0.003083637965040964
524288,0.0035123616095020793
32768,0.002979139492403249
65536,0.0030220585079447915
131072,0.0024067304480581697
262144,0.0025728083777920574
524288,0.0039182262130736945
1048576,0.004502764544419335
65536,0.0038617783774057557
131072,0.004062378123990129
262144,0.0033719417868809387
524288,0.003625257280837957
1048576,0.0049436174758810125
2097152,0.005996532889959383
131072,0.0051997320360612775
262144,0.005574806911084806
524288,0.005686303049301955
1048576,0.0061602782645024945
2097152,0.006474240193476533
4194304,0.009670307318806692
262144,0.008123823225908211
524288,0.008821723739629306
1048576,0.009080170855000347
2097152,0.010240850319000572
4194304,0.013169140108189481
8388608,0.01884891200295158
524288,0.013532552207252024
1048576,0.015352878279806248
2097152,0.01587490413198367
4194304,0.01795414383094851
8388608,0.023617121328328494
16777216,0.035109620763847715
1048576,0.02474421199755028
2097152,0.028301358666752208
4194304,0.029030981931093436
8388608,0.03321698548030838
16777216,0.044653970102238816
33554432,0.06725549689956978
2097152,0.04677566230572694
4194304,0.05352701005610783
8388608,0.05557965862588077
16777216,0.06410048274562286
33554432,0.08653173301386374
67108864,0.1319134603362997
4194304,0.09142776636380745
8388608,0.1048110350387077
16777216,0.10834252360078978
33554432,0.12410126648416764
67108864,0.16964580615906044
134217728,0.26077920405752764
8388608,0.17958435732506217
16777216,0.20625572642300227
33554432,0.21345958988082003
67108864,0.24549630243350862
134217728,0.33656252274241893
268435456,0.5244838988380138
16777216,0.35632393033684195
33554432,0.41029925750103047
67108864,0.4252863911265834
134217728,0.49076354794706845
268435456,0.6701995547618651
536870912,1.0339624701199668
33554432,0.7115734857518206
67108864,0.8190744234390053
134217728,0.8474854121998234
268435456,0.971733629661145
536870912,1.3363045421380733
1073741824,2.1024332282750464
67108864,1.4327305077692785
134217728,2.6326127603831395
268435456,1.6912713918636726
536870912,1.954057526409187
1073741824,2.7336184648801236
2147483648,5.192383554179656
